id	title	price_pc	price_mobile	normal_price	link	mobile_link	image_link	add_image_link	video_url	category_name1	category_name2	category_name3	category_name4	naver_category	condition	order_made	product_flag	model_number	brand	maker	origin	event_words	benefit_price	search_tag	minimum_purchase_quantity	review_count	shipping	attribute	age_group	gender
2835	내지 메모홀더	8000	8000		https://orom.co.kr/product/detail.html?product_no=2835&cate_no=200&display_group=1&cafe_mkt=naver_ks&mkt_in=Y&ghost_mall_id=naver&ref=naver_open	https://orom.co.kr/product/detail.html?product_no=2835&cate_no=200&display_group=1&cafe_mkt=naver_ks	http://orom.co.kr/web/product/medium/202603/1b5b07caeef41ef51bf471b4fa00521c_dburl.jpg			스페셜 굿즈	데스크 용품				신상품				오롬	오롬			8000		1		3000			
2836	와인캐리어 1구 클로쉐	139000	139000		https://orom.co.kr/product/detail.html?product_no=2836&cate_no=136&display_group=1&cafe_mkt=naver_ks&mkt_in=Y&ghost_mall_id=naver&ref=naver_open	https://orom.co.kr/product/detail.html?product_no=2836&cate_no=136&display_group=1&cafe_mkt=naver_ks	http://orom.co.kr/web/product/medium/202308/bf53b3353d4ed7c3d87946b15976c3bf_dburl.jpg			가죽 케이스					신상품				오롬	오롬			139000	핸드메이드|수제|가죽|고급|선물|수납|와인|주류|케이스|가방	1	5	0			
2837	6공 오거나이저 (중) 슬림 링 바인	83000	83000		https://orom.co.kr/product/detail.html?product_no=2837&cate_no=133&display_group=1&cafe_mkt=naver_ks&mkt_in=Y&ghost_mall_id=naver&ref=naver_open	https://orom.co.kr/product/detail.html?product_no=2837&cate_no=133&display_group=1&cafe_mkt=naver_ks	http://orom.co.kr/web/product/medium/202601/c15bcb4336a1c0b14f2bf7afba41551d_dburl.png			다이어리 · 속지					신상품				오롬	오롬			83000	다이어리|플래너|가죽|고급|명품|양장|연도|만년|6공|시스템	1	2	0			
2838	6공 오거나이저 (포켓) 브리프	65000	65000		https://orom.co.kr/product/detail.html?product_no=2838&cate_no=133&display_group=1&cafe_mkt=naver_ks&mkt_in=Y&ghost_mall_id=naver&ref=naver_open	https://orom.co.kr/product/detail.html?product_no=2838&cate_no=133&display_group=1&cafe_mkt=naver_ks	http://orom.co.kr/web/product/medium/202308/5cd02bc1cf57906811bd2fad1cefe816_dburl.jpg			다이어리 · 속지					신상품				오롬	오롬			65000	다이어리|플래너|가죽|고급|명품|양장|연도|만년|6공|시스템	1	4	0			
2839	6공 오거나이저 (중) 브리프	75000	75000		https://orom.co.kr/product/detail.html?product_no=2839&cate_no=133&display_group=1&cafe_mkt=naver_ks&mkt_in=Y&ghost_mall_id=naver&ref=naver_open	https://orom.co.kr/product/detail.html?product_no=2839&cate_no=133&display_group=1&cafe_mkt=naver_ks	http://orom.co.kr/web/product/medium/202601/5a2bc2add54ac92f72cf50e88b8e8b52_dburl.png			다이어리 · 속지					신상품				오롬	오롬			75000	다이어리|플래너|가죽|고급|명품|양장|연도|만년|6공|시스템	1	5	0			
2840	6공 오거나이저 (대) 브리프	90000	90000		https://orom.co.kr/product/detail.html?product_no=2840&cate_no=133&display_group=1&cafe_mkt=naver_ks&mkt_in=Y&ghost_mall_id=naver&ref=naver_open	https://orom.co.kr/product/detail.html?product_no=2840&cate_no=133&display_group=1&cafe_mkt=naver_ks	http://orom.co.kr/web/product/medium/202512/d67758b6ae81c66451bb77eb4de35cb6_dburl.png			다이어리 · 속지					신상품				오롬	오롬			90000	다이어리|플래너|가죽|고급|명품|양장|연도|만년|6공|시스템	1	9	0			
2841	6공 오거나이저 (포켓) 폰	135000	135000		https://orom.co.kr/product/detail.html?product_no=2841&cate_no=133&display_group=1&cafe_mkt=naver_ks&mkt_in=Y&ghost_mall_id=naver&ref=naver_open	https://orom.co.kr/product/detail.html?product_no=2841&cate_no=133&display_group=1&cafe_mkt=naver_ks	http://orom.co.kr/web/product/medium/202308/4ba8b7d517e8f6716e561301895d0610_dburl.jpg			다이어리 · 속지					신상품				오롬	오롬			135000	다이어리|플래너|가죽|고급|명품|양장|연도|만년|6공|시스템	1	2	0			
2842	6공 오거나이저 (대) 폰	190000	190000		https://orom.co.kr/product/detail.html?product_no=2842&cate_no=133&display_group=1&cafe_mkt=naver_ks&mkt_in=Y&ghost_mall_id=naver&ref=naver_open	https://orom.co.kr/product/detail.html?product_no=2842&cate_no=133&display_group=1&cafe_mkt=naver_ks	http://orom.co.kr/web/product/medium/202512/af4a098f791b96d11b9bfd403ad36fec_dburl.png			다이어리 · 속지					신상품				오롬	오롬			190000	다이어리|플래너|가죽|고급|명품|양장|연도|만년|6공|시스템	1	1	0			
2843	6공 오거나이저 (중) 폰	165000	165000		https://orom.co.kr/product/detail.html?product_no=2843&cate_no=133&display_group=1&cafe_mkt=naver_ks&mkt_in=Y&ghost_mall_id=naver&ref=naver_open	https://orom.co.kr/product/detail.html?product_no=2843&cate_no=133&display_group=1&cafe_mkt=naver_ks	http://orom.co.kr/web/product/medium/202601/80b24af1c9ef60130c4f0b4dcbfff37d_dburl.png			다이어리 · 속지					신상품				오롬	오롬			165000	다이어리|플래너|가죽|고급|명품|양장|연도|만년|6공|시스템	1	2	0			
2844	북커버 미디엄 슬림형 페블	73000	73000		https://orom.co.kr/product/detail.html?product_no=2844&cate_no=133&display_group=1&cafe_mkt=naver_ks&mkt_in=Y&ghost_mall_id=naver&ref=naver_open	https://orom.co.kr/product/detail.html?product_no=2844&cate_no=133&display_group=1&cafe_mkt=naver_ks	http://orom.co.kr/web/product/medium/202308/90b398ad312a21ca44702130b387570d_dburl.jpg			다이어리 · 속지					신상품				오롬	오롬			73000	다이어리|플래너|가죽|고급|명품|리필|커버	1	5	0			
2845	북커버 라지 슬림형 페블	93000	93000		https://orom.co.kr/product/detail.html?product_no=2845&cate_no=133&display_group=1&cafe_mkt=naver_ks&mkt_in=Y&ghost_mall_id=naver&ref=naver_open	https://orom.co.kr/product/detail.html?product_no=2845&cate_no=133&display_group=1&cafe_mkt=naver_ks	http://orom.co.kr/web/product/medium/202308/10d01cc178a77d9542235f0544df9861_dburl.jpg			다이어리 · 속지					신상품				오롬	오롬			93000	다이어리|플래너|가죽|고급|명품|리필|커버	1	11	0			
2848	2027 먼슬리 다이어리 마일드 미디엄	36000	36000		https://orom.co.kr/product/detail.html?product_no=2848&cate_no=133&display_group=1&cafe_mkt=naver_ks&mkt_in=Y&ghost_mall_id=naver&ref=naver_open	https://orom.co.kr/product/detail.html?product_no=2848&cate_no=133&display_group=1&cafe_mkt=naver_ks	http://orom.co.kr/web/product/medium/202609/944397604c67ca7721f22e7503677d39_dburl.png			다이어리 · 속지					신상품				오롬	오롬			36000	다이어리|플래너|가죽|고급|명품|양장|연도|일체형|26년다이어리|26년 다이어리	1	32	3000			
2854	여권케이스 볼륨	73000	73000		https://orom.co.kr/product/detail.html?product_no=2854&cate_no=137&display_group=1&cafe_mkt=naver_ks&mkt_in=Y&ghost_mall_id=naver&ref=naver_open	https://orom.co.kr/product/detail.html?product_no=2854&cate_no=137&display_group=1&cafe_mkt=naver_ks	http://orom.co.kr/web/product/medium/202409/0e9f922a6446874258409c10781a637e_dburl.jpg			지갑					신상품				오롬	오롬			73000	오롬|각인 지갑|오롬 여권지갑|가죽지갑|천연 가죽지갑|남자 지갑|여자 지갑|클래식 지갑|슬림 지갑|수제 지갑	1	1	0			
2856	지갑 슬림형 와일드 엘크	79000	79000		https://orom.co.kr/product/detail.html?product_no=2856&cate_no=137&display_group=1&cafe_mkt=naver_ks&mkt_in=Y&ghost_mall_id=naver&ref=naver_open	https://orom.co.kr/product/detail.html?product_no=2856&cate_no=137&display_group=1&cafe_mkt=naver_ks	http://orom.co.kr/web/product/medium/202311/4b9412de90dbaabc090f09bca12ed9eb_dburl.jpg			지갑					신상품				오롬	오롬			79000	오롬|각인 지갑|오롬 지갑|가죽지갑|천연 가죽지갑|남자 지갑|여자 지갑|클래식 지갑|슬림 지갑|수제 지갑	1	30	0			
2857	오롬 와일드 엘크 트래블 키트	275000	275000		https://orom.co.kr/product/detail.html?product_no=2857&cate_no=139&display_group=1&cafe_mkt=naver_ks&mkt_in=Y&ghost_mall_id=naver&ref=naver_open	https://orom.co.kr/product/detail.html?product_no=2857&cate_no=139&display_group=1&cafe_mkt=naver_ks	http://orom.co.kr/web/product/medium/202309/6170c1c73bdaa4a2617cd5a1cdc8a172_dburl.jpg			스페셜 굿즈					신상품				오롬	오롬			275000	핸드메이드|수제|가죽|고급|선물|수납|신입사원|임직원	1		0			
2860	와인캐리어 2구 풀문	208000	208000		https://orom.co.kr/product/detail.html?product_no=2860&cate_no=136&display_group=1&cafe_mkt=naver_ks&mkt_in=Y&ghost_mall_id=naver&ref=naver_open	https://orom.co.kr/product/detail.html?product_no=2860&cate_no=136&display_group=1&cafe_mkt=naver_ks	http://orom.co.kr/web/product/medium/202501/37b1c37368479aa87d81f0bb48d3bdf3_dburl.jpg			가죽 케이스					신상품				오롬	오롬			208000	핸드메이드|수제|가죽|고급|선물|수납|와인|주류|케이스|가방	1	3	0			
2861	만년필노트 폴라	21000	21000		https://orom.co.kr/product/detail.html?product_no=2861&cate_no=134&display_group=1&cafe_mkt=naver_ks&mkt_in=Y&ghost_mall_id=naver&ref=naver_open	https://orom.co.kr/product/detail.html?product_no=2861&cate_no=134&display_group=1&cafe_mkt=naver_ks	http://orom.co.kr/web/product/medium/202308/9cdf622df0f3099eba1f28521927bdf3_dburl.jpg			노트					신상품				오롬	오롬			21000	오롬|각인 노트|노트|공책|디자인 노트|디자인 공책|점선 노트|점선 공책|그리드 노트|그리드 공책	1	141	3000			
2862	녹담 : 여행 아카이브	18500	18500		https://orom.co.kr/product/detail.html?product_no=2862&cate_no=134&display_group=1&cafe_mkt=naver_ks&mkt_in=Y&ghost_mall_id=naver&ref=naver_open	https://orom.co.kr/product/detail.html?product_no=2862&cate_no=134&display_group=1&cafe_mkt=naver_ks	http://orom.co.kr/web/product/medium/202309/d6f104cea63ca44b4b637fec31e9ef13_dburl.jpg			노트					신상품				오롬	오롬			18500	고급노트|컨셉노트|디자인노트|오롬노트	1	5	3000			
2864	만년필 케이스 3구 레인	150000	150000		https://orom.co.kr/product/detail.html?product_no=2864&cate_no=135&display_group=1&cafe_mkt=naver_ks&mkt_in=Y&ghost_mall_id=naver&ref=naver_open	https://orom.co.kr/product/detail.html?product_no=2864&cate_no=135&display_group=1&cafe_mkt=naver_ks	http://orom.co.kr/web/product/medium/202308/05746bb8ba502acb33f1aa977ed88c94_dburl.jpg			만년필 용품					신상품				오롬	오롬			150000	천연레인|핸드메이드|수제|가죽|고급|선물|수납|만년필|파우치|케이스	1	27	0			
2865	북커버 미디엄 슬림형 레인	90000	90000		https://orom.co.kr/product/detail.html?product_no=2865&cate_no=133&display_group=1&cafe_mkt=naver_ks&mkt_in=Y&ghost_mall_id=naver&ref=naver_open	https://orom.co.kr/product/detail.html?product_no=2865&cate_no=133&display_group=1&cafe_mkt=naver_ks	http://orom.co.kr/web/product/medium/202308/20b3d33f4325e95c034e8dea107147e1_dburl.jpg			다이어리 · 속지					신상품				오롬	오롬			90000	천연레인|다이어리|플래너|가죽|고급|명품|리필|커버	1	6	0			
2866	북커버 라지 슬림형 레인	125000	125000		https://orom.co.kr/product/detail.html?product_no=2866&cate_no=133&display_group=1&cafe_mkt=naver_ks&mkt_in=Y&ghost_mall_id=naver&ref=naver_open	https://orom.co.kr/product/detail.html?product_no=2866&cate_no=133&display_group=1&cafe_mkt=naver_ks	http://orom.co.kr/web/product/medium/202308/3de2b16769c602de08eed7619e44e714_dburl.jpg			다이어리 · 속지					신상품				오롬	오롬			125000	천연레인|다이어리|플래너|가죽|고급|명품|리필|커버	1	7	0			
2867	6공 오거나이저 (포켓) 레인	160000	160000		https://orom.co.kr/product/detail.html?product_no=2867&cate_no=133&display_group=1&cafe_mkt=naver_ks&mkt_in=Y&ghost_mall_id=naver&ref=naver_open	https://orom.co.kr/product/detail.html?product_no=2867&cate_no=133&display_group=1&cafe_mkt=naver_ks	http://orom.co.kr/web/product/medium/202308/48e15f259ee01c266d10530d70432a84_dburl.jpg			다이어리 · 속지					신상품				오롬	오롬			160000	천연레인|다이어리|플래너|가죽|고급|명품|양장|연도|만년|6공	1	5	0			
2868	6공 오거나이저 (대) 레인	220000	220000		https://orom.co.kr/product/detail.html?product_no=2868&cate_no=133&display_group=1&cafe_mkt=naver_ks&mkt_in=Y&ghost_mall_id=naver&ref=naver_open	https://orom.co.kr/product/detail.html?product_no=2868&cate_no=133&display_group=1&cafe_mkt=naver_ks	http://orom.co.kr/web/product/medium/202512/fdc02bca7b8315ed9e705893fe9ee7c2_dburl.png			다이어리 · 속지					신상품				오롬	오롬			220000	천연레인|다이어리|플래너|가죽|고급|명품|양장|연도|만년|6공	1	12	0			
2871	북커버 미디엄 슬림형 DU	66000	66000		https://orom.co.kr/product/detail.html?product_no=2871&cate_no=133&display_group=1&cafe_mkt=naver_ks&mkt_in=Y&ghost_mall_id=naver&ref=naver_open	https://orom.co.kr/product/detail.html?product_no=2871&cate_no=133&display_group=1&cafe_mkt=naver_ks	http://orom.co.kr/web/product/medium/202308/8948849dbdf96315c36c3616cde9bfb4_dburl.jpg			다이어리 · 속지					신상품				오롬	오롬			66000	다이어리|플래너|가죽|고급|명품|리필|커버	1	1	0			
2872	북커버 라지 슬림형 DU	79000	79000		https://orom.co.kr/product/detail.html?product_no=2872&cate_no=133&display_group=1&cafe_mkt=naver_ks&mkt_in=Y&ghost_mall_id=naver&ref=naver_open	https://orom.co.kr/product/detail.html?product_no=2872&cate_no=133&display_group=1&cafe_mkt=naver_ks	http://orom.co.kr/web/product/medium/202308/d7f35f711aa0a4bfb6881c0aa5783375_dburl.jpg			다이어리 · 속지					신상품				오롬	오롬			79000	다이어리|플래너|가죽|고급|명품|리필|커버	1	1	0			
2875	노트북 파우치 플랩 (13/14 inch)	145000	145000		https://orom.co.kr/product/detail.html?product_no=2875&cate_no=136&display_group=1&cafe_mkt=naver_ks&mkt_in=Y&ghost_mall_id=naver&ref=naver_open	https://orom.co.kr/product/detail.html?product_no=2875&cate_no=136&display_group=1&cafe_mkt=naver_ks	http://orom.co.kr/web/product/medium/202308/57fea72af90457f561deeb91716c5070_dburl.jpg			가죽 케이스					신상품				오롬	오롬			145000	핸드메이드|수제|가죽|고급|선물|수납|랩탑|데스크탑|PC|케이스	1	1	0			
2876	노트북 파우치 플랩 (15/16 inch)	155000	155000		https://orom.co.kr/product/detail.html?product_no=2876&cate_no=136&display_group=1&cafe_mkt=naver_ks&mkt_in=Y&ghost_mall_id=naver&ref=naver_open	https://orom.co.kr/product/detail.html?product_no=2876&cate_no=136&display_group=1&cafe_mkt=naver_ks	http://orom.co.kr/web/product/medium/202308/730d67949b76a6bb551217d04e6f6e52_dburl.jpg			가죽 케이스					신상품				오롬	오롬			155000	핸드메이드|수제|가죽|고급|선물|수납|랩탑|데스크탑|PC|케이스	1	3	0			
2877	6공 오거나이저 (포켓) DU	77000	77000		https://orom.co.kr/product/detail.html?product_no=2877&cate_no=133&display_group=1&cafe_mkt=naver_ks&mkt_in=Y&ghost_mall_id=naver&ref=naver_open	https://orom.co.kr/product/detail.html?product_no=2877&cate_no=133&display_group=1&cafe_mkt=naver_ks	http://orom.co.kr/web/product/medium/202308/1a8feb0a68ef110fcde6940288dfa5c3_dburl.jpg			다이어리 · 속지					신상품				오롬	오롬			77000	다이어리|플래너|가죽|고급|명품|양장|연도|만년|6공|시스템	1	9	0			
2880	6공 오거나이저 (중) DU	87000	87000		https://orom.co.kr/product/detail.html?product_no=2880&cate_no=133&display_group=1&cafe_mkt=naver_ks&mkt_in=Y&ghost_mall_id=naver&ref=naver_open	https://orom.co.kr/product/detail.html?product_no=2880&cate_no=133&display_group=1&cafe_mkt=naver_ks	http://orom.co.kr/web/product/medium/202601/bcea3b8ff55d1b9f55ee3b8b186bfc6d_dburl.png			다이어리 · 속지					신상품				오롬	오롬			87000	다이어리|플래너|가죽|고급|명품|양장|연도|만년|6공|시스템	1	10	0			
2881	6공 오거나이저 (대) DU	97000	97000		https://orom.co.kr/product/detail.html?product_no=2881&cate_no=133&display_group=1&cafe_mkt=naver_ks&mkt_in=Y&ghost_mall_id=naver&ref=naver_open	https://orom.co.kr/product/detail.html?product_no=2881&cate_no=133&display_group=1&cafe_mkt=naver_ks	http://orom.co.kr/web/product/medium/202512/ca3553bd4ccd009a7a51877b0f4e6dc8_dburl.png			다이어리 · 속지					신상품				오롬	오롬			97000	다이어리|플래너|가죽|고급|명품|양장|연도|만년|6공|시스템	1	5	0			
2882	2027 먼슬리 다이어리 마이크로 미디엄	41500	41500		https://orom.co.kr/product/detail.html?product_no=2882&cate_no=133&display_group=1&cafe_mkt=naver_ks&mkt_in=Y&ghost_mall_id=naver&ref=naver_open	https://orom.co.kr/product/detail.html?product_no=2882&cate_no=133&display_group=1&cafe_mkt=naver_ks	http://orom.co.kr/web/product/medium/202609/a010e90b1d1847bcd601a8a41f8f5138_dburl.jpg			다이어리 · 속지					신상품				오롬	오롬			41500	다이어리|플래너|가죽|고급|명품|양장|연도|일체형|26년다이어리|26년 다이어리	1	7	0			
2883	2027 위클리 다이어리 라코닉 플래너	26000	26000		https://orom.co.kr/product/detail.html?product_no=2883&cate_no=133&display_group=1&cafe_mkt=naver_ks&mkt_in=Y&ghost_mall_id=naver&ref=naver_open	https://orom.co.kr/product/detail.html?product_no=2883&cate_no=133&display_group=1&cafe_mkt=naver_ks	http://orom.co.kr/web/product/medium/202411/db26fe51baef39231c8437e210edafcb_dburl.jpg			다이어리 · 속지					신상품				오롬	오롬			26000	다이어리|플래너|가죽|고급|명품|양장|연도|일체형|26년다이어리|26년 다이어리	1	82	3000			
2884	골프내기지갑 프리머 블랙	45000	45000		https://orom.co.kr/product/detail.html?product_no=2884&cate_no=137&display_group=1&cafe_mkt=naver_ks&mkt_in=Y&ghost_mall_id=naver&ref=naver_open	https://orom.co.kr/product/detail.html?product_no=2884&cate_no=137&display_group=1&cafe_mkt=naver_ks	http://orom.co.kr/web/product/medium/202309/21062b07f61895d8fc5984f3e458c59d_dburl.jpg			지갑					신상품				오롬	오롬			45000	오롬|각인 지갑|오롬 지갑|가죽지갑|천연 가죽지갑|남자 지갑|여자 지갑|클래식 지갑|슬림 지갑|수제 지갑	1	1	0			
2885	골프볼케이스+볼마커 프리머 블랙	93000	93000		https://orom.co.kr/product/detail.html?product_no=2885&cate_no=139&display_group=1&cafe_mkt=naver_ks&mkt_in=Y&ghost_mall_id=naver&ref=naver_open	https://orom.co.kr/product/detail.html?product_no=2885&cate_no=139&display_group=1&cafe_mkt=naver_ks	http://orom.co.kr/web/product/medium/202309/dc3e18b86f8913ae6a70e98a54560db6_dburl.jpg			스페셜 굿즈					신상품				오롬	오롬			93000	핸드메이드|수제|가죽|고급|선물|수납|신입사원|임직원	1	1	0			
2886	27년 숏포켓 레인 브라운	36000	36000		https://orom.co.kr/product/detail.html?product_no=2886&cate_no=133&display_group=1&cafe_mkt=naver_ks&mkt_in=Y&ghost_mall_id=naver&ref=naver_open	https://orom.co.kr/product/detail.html?product_no=2886&cate_no=133&display_group=1&cafe_mkt=naver_ks	http://orom.co.kr/web/product/medium/202609/12ccc92f4b57375bf8ec0bd63552a94c_dburl.png			다이어리 · 속지					신상품				오롬	오롬			36000	천연레인|다이어리|플래너|가죽|고급|명품|양장|연도|26년다이어리|26년 다이어리	1	13	3000			
2887	27년 숏포켓 레인 네이비	36000	36000		https://orom.co.kr/product/detail.html?product_no=2887&cate_no=133&display_group=1&cafe_mkt=naver_ks&mkt_in=Y&ghost_mall_id=naver&ref=naver_open	https://orom.co.kr/product/detail.html?product_no=2887&cate_no=133&display_group=1&cafe_mkt=naver_ks	http://orom.co.kr/web/product/medium/202609/f305cebebc31c2d1f60294399d770444_dburl.png			다이어리 · 속지					신상품				오롬	오롬			36000	천연레인|다이어리|플래너|가죽|고급|명품|양장|연도|26년다이어리|26년 다이어리	1	14	3000			
2893	골프파우치 프리머 블랙	190000	190000		https://orom.co.kr/product/detail.html?product_no=2893&cate_no=139&display_group=1&cafe_mkt=naver_ks&mkt_in=Y&ghost_mall_id=naver&ref=naver_open	https://orom.co.kr/product/detail.html?product_no=2893&cate_no=139&display_group=1&cafe_mkt=naver_ks	http://orom.co.kr/web/product/medium/202309/1b5a9f724a0b5b19986298a9142b5405_dburl.jpg			스페셜 굿즈					신상품				오롬	오롬			190000	핸드메이드|수제|가죽|고급|선물|수납|신입사원|임직원	1		0			
2894	골프 프리머 세트	285000	285000		https://orom.co.kr/product/detail.html?product_no=2894&cate_no=139&display_group=1&cafe_mkt=naver_ks&mkt_in=Y&ghost_mall_id=naver&ref=naver_open	https://orom.co.kr/product/detail.html?product_no=2894&cate_no=139&display_group=1&cafe_mkt=naver_ks	http://orom.co.kr/web/product/medium/202309/dbe87a0e10b94caff85901b45fcc2025_dburl.jpg			스페셜 굿즈					신상품				오롬	오롬			285000	핸드메이드|수제|가죽|고급|선물|수납|신입사원|임직원	1	1	0			
2896	장성규니버스 같이놀자 컬러링 북 세트	25000	25000		https://orom.co.kr/product/detail.html?product_no=2896&cate_no=348&display_group=1&cafe_mkt=naver_ks&mkt_in=Y&ghost_mall_id=naver&ref=naver_open	https://orom.co.kr/product/detail.html?product_no=2896&cate_no=348&display_group=1&cafe_mkt=naver_ks	http://orom.co.kr/web/product/medium/202308/07809798b3d2f0beccee6b976b24ae95_dburl.jpg			스페셜 굿즈	콜라보레이션				신상품				오롬	오롬			25000	고급노트|컨셉노트|디자인노트|오롬노트	1	3	3000			
2903	카드지갑 레인	85000	85000		https://orom.co.kr/product/detail.html?product_no=2903&cate_no=137&display_group=1&cafe_mkt=naver_ks&mkt_in=Y&ghost_mall_id=naver&ref=naver_open	https://orom.co.kr/product/detail.html?product_no=2903&cate_no=137&display_group=1&cafe_mkt=naver_ks	http://orom.co.kr/web/product/medium/202402/ab5e579d7be0215ae075f9d91b76ddf2_dburl.jpg			지갑					신상품				오롬	오롬			85000	천연레인|반지갑|고급	1	23	0			
2904	지갑 슬림형 레인	89000	89000		https://orom.co.kr/product/detail.html?product_no=2904&cate_no=137&display_group=1&cafe_mkt=naver_ks&mkt_in=Y&ghost_mall_id=naver&ref=naver_open	https://orom.co.kr/product/detail.html?product_no=2904&cate_no=137&display_group=1&cafe_mkt=naver_ks	http://orom.co.kr/web/product/medium/202402/c92690e32e26f025edcb80ca4e982fa2_dburl.jpg			지갑					신상품				오롬	오롬			89000	오롬|각인 지갑|오롬 지갑|가죽지갑|천연 가죽지갑|남자 지갑|여자 지갑|클래식 지갑|슬림 지갑|수제 지갑	1	20	0			
2908	한지노트 퍼피	10000	10000		https://orom.co.kr/product/detail.html?product_no=2908&cate_no=134&display_group=1&cafe_mkt=naver_ks&mkt_in=Y&ghost_mall_id=naver&ref=naver_open	https://orom.co.kr/product/detail.html?product_no=2908&cate_no=134&display_group=1&cafe_mkt=naver_ks	http://orom.co.kr/web/product/medium/202308/3bd725da73335e8282102ccd07415382_dburl.jpg			노트					신상품				오롬	오롬			10000	오롬|각인 노트|노트|공책|디자인 노트|디자인 공책|점선 노트|점선 공책|그리드 노트|그리드 공책	1	2	3000			
2909	6공 오거나이저 (중) 레인	200000	200000		https://orom.co.kr/product/detail.html?product_no=2909&cate_no=133&display_group=1&cafe_mkt=naver_ks&mkt_in=Y&ghost_mall_id=naver&ref=naver_open	https://orom.co.kr/product/detail.html?product_no=2909&cate_no=133&display_group=1&cafe_mkt=naver_ks	http://orom.co.kr/web/product/medium/202601/72272f4d21dd49c158ab4b7ce68066f3_dburl.png			다이어리 · 속지					신상품				오롬	오롬			200000	천연레인|다이어리|플래너|가죽|고급|명품|양장|연도|만년|6공	1	8	0			
2913	레코드노트 어센틱블루 라지 유무선	19500	19500		https://orom.co.kr/product/detail.html?product_no=2913&cate_no=134&display_group=1&cafe_mkt=naver_ks&mkt_in=Y&ghost_mall_id=naver&ref=naver_open	https://orom.co.kr/product/detail.html?product_no=2913&cate_no=134&display_group=1&cafe_mkt=naver_ks	http://orom.co.kr/web/product/medium/202308/f3389107de6905265a5252e552fb57bf_dburl.jpg			노트					신상품				오롬	오롬			19500	오롬|각인 노트|노트|공책|디자인 노트|디자인 공책|점선 노트|점선 공책|그리드 노트|그리드 공책	1	11	3000			
2914	레코드노트 프리라벨 라지 유무선	19000	19000		https://orom.co.kr/product/detail.html?product_no=2914&cate_no=134&display_group=1&cafe_mkt=naver_ks&mkt_in=Y&ghost_mall_id=naver&ref=naver_open	https://orom.co.kr/product/detail.html?product_no=2914&cate_no=134&display_group=1&cafe_mkt=naver_ks	http://orom.co.kr/web/product/medium/202308/2737160c5cedff3ae1e43ebb5acc4023_dburl.jpg			노트					신상품				오롬	오롬			19000	오롬|각인 노트|노트|공책|디자인 노트|디자인 공책|점선 노트|점선 공책|그리드 노트|그리드 공책	1	30	3000			
2916	레코드노트 드로잉북 어센틱블루	27400	27400		https://orom.co.kr/product/detail.html?product_no=2916&cate_no=134&display_group=1&cafe_mkt=naver_ks&mkt_in=Y&ghost_mall_id=naver&ref=naver_open	https://orom.co.kr/product/detail.html?product_no=2916&cate_no=134&display_group=1&cafe_mkt=naver_ks	http://orom.co.kr/web/product/medium/202308/584d35e70629805e6978fad52679f6de_dburl.jpg			노트					신상품				오롬	오롬			27400	오롬|각인 노트|노트|공책|디자인 노트|디자인 공책|점선 노트|점선 공책|그리드 노트|그리드 공책	1	8	3000			
2917	레코드노트 드로잉북 프리라벨	26900	26900		https://orom.co.kr/product/detail.html?product_no=2917&cate_no=134&display_group=1&cafe_mkt=naver_ks&mkt_in=Y&ghost_mall_id=naver&ref=naver_open	https://orom.co.kr/product/detail.html?product_no=2917&cate_no=134&display_group=1&cafe_mkt=naver_ks	http://orom.co.kr/web/product/medium/202308/e39590250cb91b88e3e3af6b59c838f9_dburl.jpg			노트					신상품				오롬	오롬			26900	오롬|각인 노트|노트|공책|디자인 노트|디자인 공책|점선 노트|점선 공책|그리드 노트|그리드 공책	1	16	3000			
2918	와인캐리어 1구 풀문	145000	145000		https://orom.co.kr/product/detail.html?product_no=2918&cate_no=136&display_group=1&cafe_mkt=naver_ks&mkt_in=Y&ghost_mall_id=naver&ref=naver_open	https://orom.co.kr/product/detail.html?product_no=2918&cate_no=136&display_group=1&cafe_mkt=naver_ks	http://orom.co.kr/web/product/medium/202510/50ae7267afb7adf139bb2854c738aaf0_dburl.jpg			가죽 케이스					신상품				오롬	오롬			145000	핸드메이드|수제|가죽|고급|선물|수납|와인|주류|케이스|가방	1	56	0			
2921	미니 유선 프라임 레드	39500	39500		https://orom.co.kr/product/detail.html?product_no=2921&cate_no=133&display_group=1&cafe_mkt=naver_ks&mkt_in=Y&ghost_mall_id=naver&ref=naver_open	https://orom.co.kr/product/detail.html?product_no=2921&cate_no=133&display_group=1&cafe_mkt=naver_ks	http://orom.co.kr/web/product/medium/202609/f642befb0b6bbac8d0aec34b41aff560_dburl.jpg			다이어리 · 속지					신상품				오롬	오롬			39500	다이어리|플래너|가죽|고급|명품|양장|연도|일체형26년다이어리|2026년 다이어리|26년 다이어리	1		3000			
2925	27년 롱포켓 프라임 다크브라운	33500	33500		https://orom.co.kr/product/detail.html?product_no=2925&cate_no=133&display_group=1&cafe_mkt=naver_ks&mkt_in=Y&ghost_mall_id=naver&ref=naver_open	https://orom.co.kr/product/detail.html?product_no=2925&cate_no=133&display_group=1&cafe_mkt=naver_ks	http://orom.co.kr/web/product/medium/202609/191ad9f090a6264f70d823bb78a72519_dburl.jpg			다이어리 · 속지					신상품				오롬	오롬			33500	다이어리|플래너|가죽|고급|명품|양장|연도|26년다이어리|26년 다이어리|2026년다이어리	1	38	3000			
2929	프리폼 미디엄 유선 클래식	38000	38000		https://orom.co.kr/product/detail.html?product_no=2929&cate_no=133&display_group=1&cafe_mkt=naver_ks&mkt_in=Y&ghost_mall_id=naver&ref=naver_open	https://orom.co.kr/product/detail.html?product_no=2929&cate_no=133&display_group=1&cafe_mkt=naver_ks	http://orom.co.kr/web/product/medium/202609/ad24d1ee838ccb16619f70375280c7e8_dburl.jpg			다이어리 · 속지					신상품				오롬	오롬			38000	다이어리|플래너|가죽|고급|명품|양장|연도|일체형26년다이어리|2026년 다이어리|26년 다이어리	1	10	3000			
2930	프리폼 라지 유선 클래식	39000	39000		https://orom.co.kr/product/detail.html?product_no=2930&cate_no=133&display_group=1&cafe_mkt=naver_ks&mkt_in=Y&ghost_mall_id=naver&ref=naver_open	https://orom.co.kr/product/detail.html?product_no=2930&cate_no=133&display_group=1&cafe_mkt=naver_ks	http://orom.co.kr/web/product/medium/202609/16d75466019d6ea9bad075fc6ebc8609_dburl.jpg			다이어리 · 속지					신상품				오롬	오롬			39000	다이어리|플래너|가죽|고급|명품|양장|연도|일체형26년다이어리|2026년 다이어리|26년 다이어리	1	10	3000			
2931	레코드노트 스크랩북 프리라벨	26900	26900		https://orom.co.kr/product/detail.html?product_no=2931&cate_no=134&display_group=1&cafe_mkt=naver_ks&mkt_in=Y&ghost_mall_id=naver&ref=naver_open	https://orom.co.kr/product/detail.html?product_no=2931&cate_no=134&display_group=1&cafe_mkt=naver_ks	http://orom.co.kr/web/product/medium/202308/8e363ea036a23730d635609e716447d3_dburl.jpg			노트					신상품				오롬	오롬			26900	오롬|각인 노트|노트|공책|디자인 노트|디자인 공책|점선 노트|점선 공책|그리드 노트|그리드 공책	1	16	3000			
2932	노트패드 세미 어번	130000	130000		https://orom.co.kr/product/detail.html?product_no=2932&cate_no=145&display_group=1&cafe_mkt=naver_ks&mkt_in=Y&ghost_mall_id=naver&ref=naver_open	https://orom.co.kr/product/detail.html?product_no=2932&cate_no=145&display_group=1&cafe_mkt=naver_ks	http://orom.co.kr/web/product/medium/202309/bccc7a8c8aca0ae8399a6da69e61e63a_dburl.jpg			다이어리 · 속지	노트패드				신상품				오롬	오롬			130000	A5|커버|사무|옥스패드|리갈패드	1	6	0			
2934	네임택 와일드 엘크	65000	65000		https://orom.co.kr/product/detail.html?product_no=2934&cate_no=136&display_group=1&cafe_mkt=naver_ks&mkt_in=Y&ghost_mall_id=naver&ref=naver_open	https://orom.co.kr/product/detail.html?product_no=2934&cate_no=136&display_group=1&cafe_mkt=naver_ks	http://orom.co.kr/web/product/medium/202311/a8144803c4db47766b9f3aa386a7fab9_dburl.jpg			가죽 케이스					신상품				오롬	오롬			65000	핸드메이드|수제|지갑|가죽|고급|수납|선물|여행|공항	1	1	0			
2936	레코드노트 어센틱블루 미디엄	18500	18500		https://orom.co.kr/product/detail.html?product_no=2936&cate_no=134&display_group=1&cafe_mkt=naver_ks&mkt_in=Y&ghost_mall_id=naver&ref=naver_open	https://orom.co.kr/product/detail.html?product_no=2936&cate_no=134&display_group=1&cafe_mkt=naver_ks	http://orom.co.kr/web/product/medium/202308/73ef7a4cf87c74b48d82dec4fce96868_dburl.jpg			노트					신상품				오롬	오롬			18500	오롬|각인 노트|노트|공책|디자인 노트|디자인 공책|점선 노트|점선 공책|그리드 노트|그리드 공책	1	30	3000			
2937	레코드노트 프리라벨 미디엄	18000	18000		https://orom.co.kr/product/detail.html?product_no=2937&cate_no=134&display_group=1&cafe_mkt=naver_ks&mkt_in=Y&ghost_mall_id=naver&ref=naver_open	https://orom.co.kr/product/detail.html?product_no=2937&cate_no=134&display_group=1&cafe_mkt=naver_ks	http://orom.co.kr/web/product/medium/202309/09833d0ad1b539b84a62ae45523c6880_dburl.jpg			노트					신상품				오롬	오롬			18000	오롬|각인 노트|노트|공책|디자인 노트|디자인 공책|점선 노트|점선 공책|그리드 노트|그리드 공책	1	219	3000			
2941	프리폼 미디엄 유선 레인	54000	54000		https://orom.co.kr/product/detail.html?product_no=2941&cate_no=133&display_group=1&cafe_mkt=naver_ks&mkt_in=Y&ghost_mall_id=naver&ref=naver_open	https://orom.co.kr/product/detail.html?product_no=2941&cate_no=133&display_group=1&cafe_mkt=naver_ks	http://orom.co.kr/web/product/medium/202609/7cd21ff356f22c4d57a871ac097bf34b_dburl.jpg			다이어리 · 속지					신상품				오롬	오롬			54000	천연레인|다이어리|플래너|가죽|고급|명품|양장|연도|일체형	1	3	0			
2942	프리폼 라지 유선 레인	58000	58000		https://orom.co.kr/product/detail.html?product_no=2942&cate_no=133&display_group=1&cafe_mkt=naver_ks&mkt_in=Y&ghost_mall_id=naver&ref=naver_open	https://orom.co.kr/product/detail.html?product_no=2942&cate_no=133&display_group=1&cafe_mkt=naver_ks	http://orom.co.kr/web/product/medium/202609/144f78f00c1bd22fcd387b983908cab7_dburl.jpg			다이어리 · 속지					신상품				오롬	오롬			58000	천연레인|다이어리|플래너|가죽|고급|명품|양장|연도|일체형	1	13	0			
2943	6공 오거나이저 (중) 딤플	220000	220000		https://orom.co.kr/product/detail.html?product_no=2943&cate_no=133&display_group=1&cafe_mkt=naver_ks&mkt_in=Y&ghost_mall_id=naver&ref=naver_open	https://orom.co.kr/product/detail.html?product_no=2943&cate_no=133&display_group=1&cafe_mkt=naver_ks	http://orom.co.kr/web/product/medium/202601/cf43cc1b00cb2e5535022cf5f2ccf540_dburl.png			다이어리 · 속지					신상품				오롬	오롬			220000	다이어리|플래너|가죽|고급|명품|양장|연도|만년|6공|시스템	1	4	0			
2944	27년 롱포켓 레인 네이비	36000	36000		https://orom.co.kr/product/detail.html?product_no=2944&cate_no=133&display_group=1&cafe_mkt=naver_ks&mkt_in=Y&ghost_mall_id=naver&ref=naver_open	https://orom.co.kr/product/detail.html?product_no=2944&cate_no=133&display_group=1&cafe_mkt=naver_ks	http://orom.co.kr/web/product/medium/202609/df4e7c4d8c12780f38bbd52f19ecc1f3_dburl.png			다이어리 · 속지					신상품				오롬	오롬			36000	천연레인|다이어리|플래너|가죽|고급|명품|양장|연도|26년다이어리|26년 다이어리	1	41	3000			
2945	27년 롱포켓 레인 브라운	36000	36000		https://orom.co.kr/product/detail.html?product_no=2945&cate_no=133&display_group=1&cafe_mkt=naver_ks&mkt_in=Y&ghost_mall_id=naver&ref=naver_open	https://orom.co.kr/product/detail.html?product_no=2945&cate_no=133&display_group=1&cafe_mkt=naver_ks	http://orom.co.kr/web/product/medium/202609/6cb46e5b501c0f7001b3b189c5986a97_dburl.png			다이어리 · 속지					신상품				오롬	오롬			36000	천연레인|다이어리|플래너|가죽|고급|명품|양장|연도|26년다이어리|26년 다이어리	1	14	3000			
2946	2027 위클리 다이어리 레인 미디엄	52000	52000		https://orom.co.kr/product/detail.html?product_no=2946&cate_no=133&display_group=1&cafe_mkt=naver_ks&mkt_in=Y&ghost_mall_id=naver&ref=naver_open	https://orom.co.kr/product/detail.html?product_no=2946&cate_no=133&display_group=1&cafe_mkt=naver_ks	http://orom.co.kr/web/product/medium/202609/2e9f1b1158a1b7ad5e488c0d0b26b498_dburl.jpg			다이어리 · 속지					신상품				오롬	오롬			52000	천연레인|다이어리|플래너|가죽|고급|명품|양장|연도|일체형|26년다이어리	1	14	0			
2947	2027 위클리 다이어리 레인 라지	58000	58000		https://orom.co.kr/product/detail.html?product_no=2947&cate_no=133&display_group=1&cafe_mkt=naver_ks&mkt_in=Y&ghost_mall_id=naver&ref=naver_open	https://orom.co.kr/product/detail.html?product_no=2947&cate_no=133&display_group=1&cafe_mkt=naver_ks	http://orom.co.kr/web/product/medium/202609/c0fd0db98be2f7b8c5f0876adfbc8f0f_dburl.jpg			다이어리 · 속지					신상품				오롬	오롬			58000	천연레인|다이어리|플래너|가죽|고급|명품|양장|연도|일체형|소가죽	1	21	0			
2948	북커버 미디엄 슬림형 파스텔	45000	45000		https://orom.co.kr/product/detail.html?product_no=2948&cate_no=133&display_group=1&cafe_mkt=naver_ks&mkt_in=Y&ghost_mall_id=naver&ref=naver_open	https://orom.co.kr/product/detail.html?product_no=2948&cate_no=133&display_group=1&cafe_mkt=naver_ks	http://orom.co.kr/web/product/medium/202308/a810bcc448c4ded46d58d8e0988d561f_dburl.jpg			다이어리 · 속지					신상품				오롬	오롬			45000	다이어리|플래너|가죽|고급|명품|리필|커버	1	17	0			
2951	여권케이스 미르 (안티스키밍)	52000	52000		https://orom.co.kr/product/detail.html?product_no=2951&cate_no=137&display_group=1&cafe_mkt=naver_ks&mkt_in=Y&ghost_mall_id=naver&ref=naver_open	https://orom.co.kr/product/detail.html?product_no=2951&cate_no=137&display_group=1&cafe_mkt=naver_ks	http://orom.co.kr/web/product/medium/202308/51ae18a897c3c539584388a24578da0e_dburl.jpg			지갑					신상품				오롬	오롬			52000	오롬|각인 지갑|오롬 여권지갑|가죽지갑|천연 가죽지갑|남자 지갑|여자 지갑|클래식 지갑|슬림 지갑|수제 지갑	1	3	0			
2952	27년 6공 속지 워크플래너 (소) 위클리 단품	8000	8000		https://orom.co.kr/product/detail.html?product_no=2952&cate_no=133&display_group=1&cafe_mkt=naver_ks&mkt_in=Y&ghost_mall_id=naver&ref=naver_open	https://orom.co.kr/product/detail.html?product_no=2952&cate_no=133&display_group=1&cafe_mkt=naver_ks	http://orom.co.kr/web/product/medium/202509/178880bde78f262d041b85932e95820c_dburl.jpg			다이어리 · 속지					신상품				오롬	오롬			8000	다이어리|플래너|가죽|고급|명품|양장|연도|만년|6공|시스템	1	39	3000			
2953	27년 북커버 속지 워크플래너 라지 슬림먼슬리	13000	13000		https://orom.co.kr/product/detail.html?product_no=2953&cate_no=133&display_group=1&cafe_mkt=naver_ks&mkt_in=Y&ghost_mall_id=naver&ref=naver_open	https://orom.co.kr/product/detail.html?product_no=2953&cate_no=133&display_group=1&cafe_mkt=naver_ks	http://orom.co.kr/web/product/medium/202609/f118777fc282908500719cf5f2068be7_dburl.jpg			다이어리 · 속지					신상품				오롬	오롬			13000	다이어리|플래너|가죽|고급|명품|리필|커버|26년다이어리|26년 다이어리|2026년다이어리	1	44	3000			
2955	숏포켓 유선 프라임 레드	33500	33500		https://orom.co.kr/product/detail.html?product_no=2955&cate_no=133&display_group=1&cafe_mkt=naver_ks&mkt_in=Y&ghost_mall_id=naver&ref=naver_open	https://orom.co.kr/product/detail.html?product_no=2955&cate_no=133&display_group=1&cafe_mkt=naver_ks	http://orom.co.kr/web/product/medium/202609/96a6b594ba82275444bc8f601d509a72_dburl.jpg			다이어리 · 속지					신상품				오롬	오롬			33500	다이어리|플래너|가죽|고급|명품|양장|연도|일체형26년다이어리|2026년 다이어리|26년 다이어리	1	3	3000			
2956	2027 데일리 다이어리 프라임 미니 레드	39500	39500		https://orom.co.kr/product/detail.html?product_no=2956&cate_no=133&display_group=1&cafe_mkt=naver_ks&mkt_in=Y&ghost_mall_id=naver&ref=naver_open	https://orom.co.kr/product/detail.html?product_no=2956&cate_no=133&display_group=1&cafe_mkt=naver_ks	http://orom.co.kr/web/product/medium/202609/3b1231906784206c7bdea6d9dc975009_dburl.jpg			다이어리 · 속지					신상품				오롬	오롬			39500	다이어리|플래너|가죽|고급|명품|양장|연도|26년다이어리|26년 다이어리|2026년다이어리	1	17	3000			
2957	롱포켓 유선 프라임 레드	33500	33500		https://orom.co.kr/product/detail.html?product_no=2957&cate_no=133&display_group=1&cafe_mkt=naver_ks&mkt_in=Y&ghost_mall_id=naver&ref=naver_open	https://orom.co.kr/product/detail.html?product_no=2957&cate_no=133&display_group=1&cafe_mkt=naver_ks	http://orom.co.kr/web/product/medium/202609/49f32469e6534dfafa28e7293a2a8078_dburl.jpg			다이어리 · 속지					신상품				오롬	오롬			33500	다이어리|플래너|가죽|고급|명품|양장|연도|일체형26년다이어리|2026년 다이어리|26년 다이어리	1	4	3000			
2958	2027 위클리 다이어리 클래식 데스크핏	43500	43500		https://orom.co.kr/product/detail.html?product_no=2958&cate_no=133&display_group=1&cafe_mkt=naver_ks&mkt_in=Y&ghost_mall_id=naver&ref=naver_open	https://orom.co.kr/product/detail.html?product_no=2958&cate_no=133&display_group=1&cafe_mkt=naver_ks	http://orom.co.kr/web/product/medium/202609/d1d3ac83758bf0801b25a7f785ee0001_dburl.jpg			다이어리 · 속지					신상품				오롬	오롬			43500	다이어리|플래너|가죽|고급|명품|양장|연도|26년다이어리|26년 다이어리|2026년다이어리	1	39	0			
2960	27년 6공 속지 워크플래너 (포켓) 위클리 1주2면 단품	8000	8000		https://orom.co.kr/product/detail.html?product_no=2960&cate_no=133&display_group=1&cafe_mkt=naver_ks&mkt_in=Y&ghost_mall_id=naver&ref=naver_open	https://orom.co.kr/product/detail.html?product_no=2960&cate_no=133&display_group=1&cafe_mkt=naver_ks	http://orom.co.kr/web/product/medium/202509/8e514130c5bf2dd11a9da66452066b09_dburl.jpg			다이어리 · 속지					신상품				오롬	오롬			8000	다이어리|플래너|가죽|고급|명품|양장|연도|만년|6공|시스템	1	14	3000			
2961	27년 6공 속지 라이프로그 (포켓) 데일리 단품 (1일1면)	12000	12000		https://orom.co.kr/product/detail.html?product_no=2961&cate_no=133&display_group=1&cafe_mkt=naver_ks&mkt_in=Y&ghost_mall_id=naver&ref=naver_open	https://orom.co.kr/product/detail.html?product_no=2961&cate_no=133&display_group=1&cafe_mkt=naver_ks	http://orom.co.kr/web/product/medium/202509/5b01ee373d103d63ded9e3e7220fad58_dburl.jpg			다이어리 · 속지					신상품				오롬	오롬			12000	다이어리|플래너|가죽|고급|명품|양장|연도|만년|6공|시스템	1	8	3000			
2963	27년 6공 속지 라이프로그 (대) 데일리 단품 (1일1면)	13000	13000		https://orom.co.kr/product/detail.html?product_no=2963&cate_no=133&display_group=1&cafe_mkt=naver_ks&mkt_in=Y&ghost_mall_id=naver&ref=naver_open	https://orom.co.kr/product/detail.html?product_no=2963&cate_no=133&display_group=1&cafe_mkt=naver_ks	http://orom.co.kr/web/product/medium/202509/721bc7609a7a4398bab9c1627ce7612b_dburl.jpg			다이어리 · 속지					신상품				오롬	오롬			13000	다이어리|플래너|가죽|고급|명품|양장|연도|만년|6공|시스템	1	29	3000			
2966	[굿피플] 신입사원 웰컴키트	78000	78000		https://orom.co.kr/product/detail.html?product_no=2966&cate_no=139&display_group=1&cafe_mkt=naver_ks&mkt_in=Y&ghost_mall_id=naver&ref=naver_open	https://orom.co.kr/product/detail.html?product_no=2966&cate_no=139&display_group=1&cafe_mkt=naver_ks	http://orom.co.kr/web/product/medium/202309/4f501c99b9520c0e442305b5ceb1506a_dburl.jpg			스페셜 굿즈					신상품				오롬	오롬			78000	핸드메이드|수제|가죽|고급|선물|수납|신입사원|임직원	1		0			
2967	지갑 슬림형 플레인	69000	69000		https://orom.co.kr/product/detail.html?product_no=2967&cate_no=137&display_group=1&cafe_mkt=naver_ks&mkt_in=Y&ghost_mall_id=naver&ref=naver_open	https://orom.co.kr/product/detail.html?product_no=2967&cate_no=137&display_group=1&cafe_mkt=naver_ks	http://orom.co.kr/web/product/medium/202401/f67542c936460a4ee75f2c10f5c9ede7_dburl.jpg			지갑					신상품				오롬	오롬			69000	오롬|각인 지갑|오롬 지갑|가죽지갑|천연 가죽지갑|남자 지갑|여자 지갑|클래식 지갑|슬림 지갑|수제 지갑	1	85	0			
2969	마이크로지갑 와일드 엘크	88000	88000		https://orom.co.kr/product/detail.html?product_no=2969&cate_no=137&display_group=1&cafe_mkt=naver_ks&mkt_in=Y&ghost_mall_id=naver&ref=naver_open	https://orom.co.kr/product/detail.html?product_no=2969&cate_no=137&display_group=1&cafe_mkt=naver_ks	http://orom.co.kr/web/product/medium/202311/f0a618d960cc3384a2e7714379de72f7_dburl.jpg			지갑					신상품				오롬	오롬			88000	오롬|각인 지갑|오롬 지갑|가죽지갑|천연 가죽지갑|남자 지갑|여자 지갑|클래식 지갑|슬림 지갑|수제 지갑	1	59	0			
2972	한지 봉투	4000	4000		https://orom.co.kr/product/detail.html?product_no=2972&cate_no=134&display_group=1&cafe_mkt=naver_ks&mkt_in=Y&ghost_mall_id=naver&ref=naver_open	https://orom.co.kr/product/detail.html?product_no=2972&cate_no=134&display_group=1&cafe_mkt=naver_ks	http://orom.co.kr/web/product/medium/202308/6c0308aa0e052fffc860e73b004a3bfe_dburl.jpg			노트					신상품				오롬	오롬			4000	오롬|각인 노트|노트|공책|디자인 노트|디자인 공책|점선 노트|점선 공책|그리드 노트|그리드 공책	1	9	3000			
2974	[Tidy 시리즈] 천연가죽 데스크 풀세트 오렌지	670000	670000		https://orom.co.kr/product/detail.html?product_no=2974&cate_no=138&display_group=1&cafe_mkt=naver_ks&mkt_in=Y&ghost_mall_id=naver&ref=naver_open	https://orom.co.kr/product/detail.html?product_no=2974&cate_no=138&display_group=1&cafe_mkt=naver_ks	http://orom.co.kr/web/product/medium/202309/2dd72336ecabe0ef50e24f8e565234af_dburl.png			데스크 용품					신상품				오롬	오롬			670000	핸드메이드|수제|가죽|고급|선물|수납|신입사원|임직원	1	1	0			
2975	펜파우치 2구 엘크	85000	85000		https://orom.co.kr/product/detail.html?product_no=2975&cate_no=135&display_group=1&cafe_mkt=naver_ks&mkt_in=Y&ghost_mall_id=naver&ref=naver_open	https://orom.co.kr/product/detail.html?product_no=2975&cate_no=135&display_group=1&cafe_mkt=naver_ks	http://orom.co.kr/web/product/medium/202309/1513a7a1f94d99ba126f4958afd5f2fc_dburl.png			만년필 용품					신상품				오롬	오롬			85000	핸드메이드|수제|가죽|고급|선물|수납|만년필|파우치|케이스|필통	1	10	0			
2976	[Tidy 시리즈] No.4 펜슬홀더	135000	135000		https://orom.co.kr/product/detail.html?product_no=2976&cate_no=138&display_group=1&cafe_mkt=naver_ks&mkt_in=Y&ghost_mall_id=naver&ref=naver_open	https://orom.co.kr/product/detail.html?product_no=2976&cate_no=138&display_group=1&cafe_mkt=naver_ks	http://orom.co.kr/web/product/medium/202402/e9f9ff22f257ff0b0ac5bd85ec2c1dd8_dburl.png			데스크 용품					신상품				오롬	오롬			135000	핸드메이드|수제|가죽|고급|선물|수납|신입사원|임직원	1	7	0			
2977	[Tidy 시리즈] No.6 비즈니스 카드홀더	72000	72000		https://orom.co.kr/product/detail.html?product_no=2977&cate_no=138&display_group=1&cafe_mkt=naver_ks&mkt_in=Y&ghost_mall_id=naver&ref=naver_open	https://orom.co.kr/product/detail.html?product_no=2977&cate_no=138&display_group=1&cafe_mkt=naver_ks	http://orom.co.kr/web/product/medium/202309/6d3d5c3256f395b5549cecfc2416437b_dburl.png			데스크 용품					신상품				오롬	오롬			72000	핸드메이드|수제|가죽|고급|선물|수납|신입사원|임직원	1	7	0			
2978	[Tidy 시리즈] No.5 데스크바스켓	135000	135000		https://orom.co.kr/product/detail.html?product_no=2978&cate_no=138&display_group=1&cafe_mkt=naver_ks&mkt_in=Y&ghost_mall_id=naver&ref=naver_open	https://orom.co.kr/product/detail.html?product_no=2978&cate_no=138&display_group=1&cafe_mkt=naver_ks	http://orom.co.kr/web/product/medium/202402/941368d28c801330664184d9fb6b6add_dburl.png			데스크 용품					신상품				오롬	오롬			135000	핸드메이드|수제|가죽|고급|선물|수납|신입사원|임직원	1	6	0			
2979	잘 될거야 텀블러	25000	25000		https://orom.co.kr/product/detail.html?product_no=2979&cate_no=193&display_group=1&cafe_mkt=naver_ks&mkt_in=Y&ghost_mall_id=naver&ref=naver_open	https://orom.co.kr/product/detail.html?product_no=2979&cate_no=193&display_group=1&cafe_mkt=naver_ks	http://orom.co.kr/web/product/medium/202309/70970bbd574cb370f5cc286ab000973e_dburl.jpg			가죽 케이스	스몰 굿즈				신상품				오롬	오롬			25000	핸드메이드|수제|가죽|고급|선물|수납|신입사원|임직원	1	8	3000			
2980	[Tidy 시리즈] No.1 데스크 매트 라운드	190000	190000		https://orom.co.kr/product/detail.html?product_no=2980&cate_no=138&display_group=1&cafe_mkt=naver_ks&mkt_in=Y&ghost_mall_id=naver&ref=naver_open	https://orom.co.kr/product/detail.html?product_no=2980&cate_no=138&display_group=1&cafe_mkt=naver_ks	http://orom.co.kr/web/product/medium/202402/73d353546fbb60d102711a7173b22568_dburl.jpg			데스크 용품					신상품				오롬	오롬			190000	핸드메이드|수제|가죽|고급|선물|수납|신입사원|임직원	1	1	0			
2981	장지갑 엘크 S 검정	130000	130000		https://orom.co.kr/product/detail.html?product_no=2981&cate_no=137&display_group=1&cafe_mkt=naver_ks&mkt_in=Y&ghost_mall_id=naver&ref=naver_open	https://orom.co.kr/product/detail.html?product_no=2981&cate_no=137&display_group=1&cafe_mkt=naver_ks	http://orom.co.kr/web/product/medium/202309/83d6551d041fd57f9d434adb32dc235f_dburl.jpg			지갑					신상품				오롬	오롬			130000	오롬|각인 지갑|오롬 지갑|가죽지갑|천연 가죽지갑|남자 지갑|여자 지갑|클래식 지갑|슬림 지갑|수제 지갑	1	3	0			
2982	장지갑 와일드 엘크	140000	140000		https://orom.co.kr/product/detail.html?product_no=2982&cate_no=137&display_group=1&cafe_mkt=naver_ks&mkt_in=Y&ghost_mall_id=naver&ref=naver_open	https://orom.co.kr/product/detail.html?product_no=2982&cate_no=137&display_group=1&cafe_mkt=naver_ks	http://orom.co.kr/web/product/medium/202311/58704ce72b9eb0d302d03842337e02c2_dburl.jpg			지갑					신상품				오롬	오롬			140000	오롬|각인 지갑|오롬 지갑|가죽지갑|천연 가죽지갑|남자 지갑|여자 지갑|클래식 지갑|슬림 지갑|수제 지갑	1	13	0			
2984	6공 오거나이저 (중) 웜	110000	110000		https://orom.co.kr/product/detail.html?product_no=2984&cate_no=133&display_group=1&cafe_mkt=naver_ks&mkt_in=Y&ghost_mall_id=naver&ref=naver_open	https://orom.co.kr/product/detail.html?product_no=2984&cate_no=133&display_group=1&cafe_mkt=naver_ks	http://orom.co.kr/web/product/medium/202601/71f98cac5d43288d54b9d902b0eec07c_dburl.png			다이어리 · 속지					신상품				오롬	오롬			110000	다이어리|플래너|가죽|고급|명품|양장|연도|만년|6공|시스템	1	5	0			
2985	북커버 숏포켓 모던	52000	52000		https://orom.co.kr/product/detail.html?product_no=2985&cate_no=133&display_group=1&cafe_mkt=naver_ks&mkt_in=Y&ghost_mall_id=naver&ref=naver_open	https://orom.co.kr/product/detail.html?product_no=2985&cate_no=133&display_group=1&cafe_mkt=naver_ks	http://orom.co.kr/web/product/medium/202308/930a19bfdd856b51a999d5fd0faf43ab_dburl.jpg			다이어리 · 속지					신상품				오롬	오롬			52000	다이어리|플래너|가죽|고급|명품|리필|커버	1	22	0			
2988	6공 오거나이저 (중) 모던 버튼	65000	65000		https://orom.co.kr/product/detail.html?product_no=2988&cate_no=133&display_group=1&cafe_mkt=naver_ks&mkt_in=Y&ghost_mall_id=naver&ref=naver_open	https://orom.co.kr/product/detail.html?product_no=2988&cate_no=133&display_group=1&cafe_mkt=naver_ks	http://orom.co.kr/web/product/medium/202601/4b16b08cba7df12f7b750e08693dd197_dburl.png			다이어리 · 속지					신상품				오롬	오롬			65000	다이어리|플래너|가죽|고급|명품|양장|연도|만년|6공|시스템	1	11	0			
2992	미니 유선 프라임 블랙	39500	39500		https://orom.co.kr/product/detail.html?product_no=2992&cate_no=133&display_group=1&cafe_mkt=naver_ks&mkt_in=Y&ghost_mall_id=naver&ref=naver_open	https://orom.co.kr/product/detail.html?product_no=2992&cate_no=133&display_group=1&cafe_mkt=naver_ks	http://orom.co.kr/web/product/medium/202609/97c57fcafc3d641bf944af8f77801769_dburl.jpg			다이어리 · 속지					신상품				오롬	오롬			39500	다이어리|플래너|가죽|고급|명품|양장|연도|일체형26년다이어리|2026년 다이어리|26년 다이어리	1	5	3000			
2993	2027 데일리 다이어리 프라임 미니 블랙	39500	39500		https://orom.co.kr/product/detail.html?product_no=2993&cate_no=133&display_group=1&cafe_mkt=naver_ks&mkt_in=Y&ghost_mall_id=naver&ref=naver_open	https://orom.co.kr/product/detail.html?product_no=2993&cate_no=133&display_group=1&cafe_mkt=naver_ks	http://orom.co.kr/web/product/medium/202609/9a7a5610169faa23a4f54e4a7193735f_dburl.jpg			다이어리 · 속지					신상품				오롬	오롬			39500	다이어리|플래너|가죽|고급|명품|양장|연도|26년다이어리|26년 다이어리|2026년다이어리	1	44	3000			
2994	숏포켓 유선 프라임 블랙	33500	33500		https://orom.co.kr/product/detail.html?product_no=2994&cate_no=133&display_group=1&cafe_mkt=naver_ks&mkt_in=Y&ghost_mall_id=naver&ref=naver_open	https://orom.co.kr/product/detail.html?product_no=2994&cate_no=133&display_group=1&cafe_mkt=naver_ks	http://orom.co.kr/web/product/medium/202609/0e0065b50885f7c4f62eed136c2fd111_dburl.jpg			다이어리 · 속지					신상품				오롬	오롬			33500	다이어리|플래너|가죽|고급|명품|양장|연도|일체형26년다이어리|2026년 다이어리|26년 다이어리	1	7	3000			
2995	27년 숏포켓 프라임 블랙	33500	33500		https://orom.co.kr/product/detail.html?product_no=2995&cate_no=133&display_group=1&cafe_mkt=naver_ks&mkt_in=Y&ghost_mall_id=naver&ref=naver_open	https://orom.co.kr/product/detail.html?product_no=2995&cate_no=133&display_group=1&cafe_mkt=naver_ks	http://orom.co.kr/web/product/medium/202609/feb705c6465c4d6dff8a667eb71275ea_dburl.jpg			다이어리 · 속지					신상품				오롬	오롬			33500	다이어리|플래너|가죽|고급|명품|양장|연도|26년다이어리|26년 다이어리|2026년다이어리	1	55	3000			
2996	롱포켓 유선 프라임 블랙	33500	33500		https://orom.co.kr/product/detail.html?product_no=2996&cate_no=133&display_group=1&cafe_mkt=naver_ks&mkt_in=Y&ghost_mall_id=naver&ref=naver_open	https://orom.co.kr/product/detail.html?product_no=2996&cate_no=133&display_group=1&cafe_mkt=naver_ks	http://orom.co.kr/web/product/medium/202609/6f29343b1f316aa1f3aa6872273da009_dburl.jpg			다이어리 · 속지					신상품				오롬	오롬			33500	다이어리|플래너|가죽|고급|명품|양장|연도|일체형26년다이어리|2026년 다이어리|26년 다이어리	1	16	3000			
2997	27년 롱포켓 프라임 블랙	33500	33500		https://orom.co.kr/product/detail.html?product_no=2997&cate_no=133&display_group=1&cafe_mkt=naver_ks&mkt_in=Y&ghost_mall_id=naver&ref=naver_open	https://orom.co.kr/product/detail.html?product_no=2997&cate_no=133&display_group=1&cafe_mkt=naver_ks	http://orom.co.kr/web/product/medium/202609/18be5fe744c13182b7ba01608ae7d430_dburl.jpg			다이어리 · 속지					신상품				오롬	오롬			33500	다이어리|플래너|가죽|고급|명품|양장|연도|26년다이어리|26년 다이어리|2026년다이어리	1	130	3000			
2998	2027 데일리 다이어리 마이크로 미디엄	44000	44000		https://orom.co.kr/product/detail.html?product_no=2998&cate_no=133&display_group=1&cafe_mkt=naver_ks&mkt_in=Y&ghost_mall_id=naver&ref=naver_open	https://orom.co.kr/product/detail.html?product_no=2998&cate_no=133&display_group=1&cafe_mkt=naver_ks	http://orom.co.kr/web/product/medium/202609/ac36f36c1e42c0b84bb20cdbf82f3a5c_dburl.png			다이어리 · 속지					신상품				오롬	오롬			44000	다이어리|플래너|가죽|고급|명품|양장|연도|일체형|26년다이어리|26년 다이어리	1	61	0			
3000	프리폼 미디엄 유선 이구아나	38500	38500		https://orom.co.kr/product/detail.html?product_no=3000&cate_no=133&display_group=1&cafe_mkt=naver_ks&mkt_in=Y&ghost_mall_id=naver&ref=naver_open	https://orom.co.kr/product/detail.html?product_no=3000&cate_no=133&display_group=1&cafe_mkt=naver_ks	http://orom.co.kr/web/product/medium/202609/1b15042e62c6ab34154b0839a5d5601e_dburl.jpg			다이어리 · 속지					신상품				오롬	오롬			38500	다이어리|플래너|가죽|고급|명품|양장|연도|일체형	1	7	3000			
3001	2027 위클리 다이어리 이구아나 미디엄	38500	38500		https://orom.co.kr/product/detail.html?product_no=3001&cate_no=133&display_group=1&cafe_mkt=naver_ks&mkt_in=Y&ghost_mall_id=naver&ref=naver_open	https://orom.co.kr/product/detail.html?product_no=3001&cate_no=133&display_group=1&cafe_mkt=naver_ks	http://orom.co.kr/web/product/medium/202609/492cd9ba192bbed5451c2febe1685f5e_dburl.jpg			다이어리 · 속지					신상품				오롬	오롬			38500	다이어리|플래너|가죽|고급|명품|양장|연도|일체형|26년다이어리|26년 다이어리	1	60	3000			
3002	2027 위클리 다이어리 클래식 미디엄	38000	38000		https://orom.co.kr/product/detail.html?product_no=3002&cate_no=133&display_group=1&cafe_mkt=naver_ks&mkt_in=Y&ghost_mall_id=naver&ref=naver_open	https://orom.co.kr/product/detail.html?product_no=3002&cate_no=133&display_group=1&cafe_mkt=naver_ks	http://orom.co.kr/web/product/medium/202609/5e2cc69100de54e802c6fae99f5ee0e7_dburl.png			다이어리 · 속지					신상품				오롬	오롬			38000	다이어리|플래너|가죽|고급|명품|양장|연도|일체형|26년다이어리|26년 다이어리	1	26	3000			
3003	2027 먼슬리 다이어리 마이크로 라지	42500	42500		https://orom.co.kr/product/detail.html?product_no=3003&cate_no=133&display_group=1&cafe_mkt=naver_ks&mkt_in=Y&ghost_mall_id=naver&ref=naver_open	https://orom.co.kr/product/detail.html?product_no=3003&cate_no=133&display_group=1&cafe_mkt=naver_ks	http://orom.co.kr/web/product/medium/202609/5b856fc14dea1836d45d04eb5bebdbb4_dburl.jpg			다이어리 · 속지					신상품				오롬	오롬			42500	다이어리|플래너|가죽|고급|명품|양장|연도|일체형|26년다이어리|26년 다이어리	1	34	0			
3004	2027 데일리 다이어리 마이크로 라지	44000	44000		https://orom.co.kr/product/detail.html?product_no=3004&cate_no=133&display_group=1&cafe_mkt=naver_ks&mkt_in=Y&ghost_mall_id=naver&ref=naver_open	https://orom.co.kr/product/detail.html?product_no=3004&cate_no=133&display_group=1&cafe_mkt=naver_ks	http://orom.co.kr/web/product/medium/202609/bd01ec21bdb45f16067d32cd5608ab3b_dburl.png			다이어리 · 속지					신상품				오롬	오롬			44000	다이어리|플래너|가죽|고급|명품|양장|연도|일체형|26년다이어리|26년 다이어리	1	187	0			
3005	프리폼 라지 유선 이구아나	39500	39500		https://orom.co.kr/product/detail.html?product_no=3005&cate_no=133&display_group=1&cafe_mkt=naver_ks&mkt_in=Y&ghost_mall_id=naver&ref=naver_open	https://orom.co.kr/product/detail.html?product_no=3005&cate_no=133&display_group=1&cafe_mkt=naver_ks	http://orom.co.kr/web/product/medium/202609/ea214bad85272dffc943081cca7cfb1e_dburl.jpg			다이어리 · 속지					신상품				오롬	오롬			39500	다이어리|플래너|가죽|고급|명품|양장|연도|일체형	1	34	3000			
3006	2027 위클리 다이어리 이구아나 라지	39500	39500		https://orom.co.kr/product/detail.html?product_no=3006&cate_no=133&display_group=1&cafe_mkt=naver_ks&mkt_in=Y&ghost_mall_id=naver&ref=naver_open	https://orom.co.kr/product/detail.html?product_no=3006&cate_no=133&display_group=1&cafe_mkt=naver_ks	http://orom.co.kr/web/product/medium/202609/ff6a6016d35cd5c56ffbabf543529d27_dburl.jpg			다이어리 · 속지					신상품				오롬	오롬			39500	다이어리|플래너|가죽|고급|명품|양장|연도|일체형|26년다이어리|26년 다이어리	1	101	3000			
3007	2027 위클리 다이어리 클래식 라지	39000	39000		https://orom.co.kr/product/detail.html?product_no=3007&cate_no=133&display_group=1&cafe_mkt=naver_ks&mkt_in=Y&ghost_mall_id=naver&ref=naver_open	https://orom.co.kr/product/detail.html?product_no=3007&cate_no=133&display_group=1&cafe_mkt=naver_ks	http://orom.co.kr/web/product/medium/202609/25e897183cea3a3ac751a883cf8e2689_dburl.jpg			다이어리 · 속지					신상품				오롬	오롬			39000	다이어리|플래너|가죽|고급|명품|양장|연도|일체형다이어리|26년다이어리|26년 다이어리	1	46	3000			
3008	데스크핏 유선 이구아나	43500	43500		https://orom.co.kr/product/detail.html?product_no=3008&cate_no=133&display_group=1&cafe_mkt=naver_ks&mkt_in=Y&ghost_mall_id=naver&ref=naver_open	https://orom.co.kr/product/detail.html?product_no=3008&cate_no=133&display_group=1&cafe_mkt=naver_ks	http://orom.co.kr/web/product/medium/202609/2a1b633d8ad64cfd2176e653d979e089_dburl.jpg			다이어리 · 속지					신상품				오롬	오롬			43500	다이어리|플래너|가죽|고급|명품|양장|연도|일체형	1	13	0			
3009	2027 위클리 다이어리 이구아나 데스크핏	43500	43500		https://orom.co.kr/product/detail.html?product_no=3009&cate_no=133&display_group=1&cafe_mkt=naver_ks&mkt_in=Y&ghost_mall_id=naver&ref=naver_open	https://orom.co.kr/product/detail.html?product_no=3009&cate_no=133&display_group=1&cafe_mkt=naver_ks	http://orom.co.kr/web/product/medium/202609/7dfab7c2c0cd29ad7078d045364c362c_dburl.jpg			다이어리 · 속지					신상품				오롬	오롬			43500	다이어리|플래너|가죽|고급|명품|양장|연도|일체형|26년다이어리|26년 다이어리	1	57	0			
3010	한지노트 키티	10000	10000		https://orom.co.kr/product/detail.html?product_no=3010&cate_no=134&display_group=1&cafe_mkt=naver_ks&mkt_in=Y&ghost_mall_id=naver&ref=naver_open	https://orom.co.kr/product/detail.html?product_no=3010&cate_no=134&display_group=1&cafe_mkt=naver_ks	http://orom.co.kr/web/product/medium/202308/39d86c1f66585041ff7d2c31fea1dc50_dburl.jpg			노트					신상품				오롬	오롬			10000	오롬|각인 노트|노트|공책|디자인 노트|디자인 공책|점선 노트|점선 공책|그리드 노트|그리드 공책	1	2	3000			
3012	노트패드 세미 PU 지퍼형	105000	105000		https://orom.co.kr/product/detail.html?product_no=3012&cate_no=145&display_group=1&cafe_mkt=naver_ks&mkt_in=Y&ghost_mall_id=naver&ref=naver_open	https://orom.co.kr/product/detail.html?product_no=3012&cate_no=145&display_group=1&cafe_mkt=naver_ks	http://orom.co.kr/web/product/medium/202309/3aa7d286a5fdc3e416d7d54b03df71e2_dburl.jpg			다이어리 · 속지	노트패드				신상품				오롬	오롬			105000	A5|커버|사무|옥스패드|리갈패드	1		0			
3014	데스크 액세서리 세트 3종	440000	440000		https://orom.co.kr/product/detail.html?product_no=3014&cate_no=200&display_group=1&cafe_mkt=naver_ks&mkt_in=Y&ghost_mall_id=naver&ref=naver_open	https://orom.co.kr/product/detail.html?product_no=3014&cate_no=200&display_group=1&cafe_mkt=naver_ks	http://orom.co.kr/web/product/medium/202309/f996c0b930dcfa4af414a0619b2341c3_dburl.png			스페셜 굿즈	데스크 용품				신상품				오롬	오롬			440000	핸드메이드|수제|가죽|고급|선물|수납|신입사원|임직원	1	2	0			
3016	6공 오거나이저 (중) 버튼 (크로커)	130000	130000		https://orom.co.kr/product/detail.html?product_no=3016&cate_no=133&display_group=1&cafe_mkt=naver_ks&mkt_in=Y&ghost_mall_id=naver&ref=naver_open	https://orom.co.kr/product/detail.html?product_no=3016&cate_no=133&display_group=1&cafe_mkt=naver_ks	http://orom.co.kr/web/product/medium/202601/fb2a4c9f7201e6331e3cad9581a6c48d_dburl.png			다이어리 · 속지					신상품				오롬	오롬			130000	다이어리|플래너|가죽|고급|명품|양장|연도|만년|6공|시스템	1	2	0			
3017	여행용 장지갑 지퍼형 사파이어 핑크	155000	155000		https://orom.co.kr/product/detail.html?product_no=3017&cate_no=137&display_group=1&cafe_mkt=naver_ks&mkt_in=Y&ghost_mall_id=naver&ref=naver_open	https://orom.co.kr/product/detail.html?product_no=3017&cate_no=137&display_group=1&cafe_mkt=naver_ks	http://orom.co.kr/web/product/medium/202309/f61878ac7c1751d5fba570c531e7187e_dburl.jpg			지갑					신상품				오롬	오롬			155000	오롬|각인 지갑|오롬 여권지갑|가죽지갑|천연 가죽지갑|남자 지갑|여자 지갑|클래식 지갑|슬림 지갑|수제 지갑	1		0			
3019	패스카드케이스 목걸이 와일드 엘크	71000	71000		https://orom.co.kr/product/detail.html?product_no=3019&cate_no=137&display_group=1&cafe_mkt=naver_ks&mkt_in=Y&ghost_mall_id=naver&ref=naver_open	https://orom.co.kr/product/detail.html?product_no=3019&cate_no=137&display_group=1&cafe_mkt=naver_ks	http://orom.co.kr/web/product/medium/202311/344c29720eff88fccb54ba4ba251d32a_dburl.jpg			지갑					신상품				오롬	오롬			71000	오롬|각인 지갑|오롬 카드지갑|가죽지갑|천연 가죽지갑|남자 지갑|여자 지갑|클래식 지갑|슬림 지갑|수제 지갑	1	13	0			
3020	만년필 케이스 3구 스퀘어	130000	130000		https://orom.co.kr/product/detail.html?product_no=3020&cate_no=135&display_group=1&cafe_mkt=naver_ks&mkt_in=Y&ghost_mall_id=naver&ref=naver_open	https://orom.co.kr/product/detail.html?product_no=3020&cate_no=135&display_group=1&cafe_mkt=naver_ks	http://orom.co.kr/web/product/medium/202308/9360d4586984dc7c816678309e273fba_dburl.jpg			만년필 용품					신상품				오롬	오롬			130000	핸드메이드|수제|가죽|고급|선물|수납|만년필|파우치|케이스|필통	1	53	0			
3022	명함지갑 어번	69000	69000		https://orom.co.kr/product/detail.html?product_no=3022&cate_no=137&display_group=1&cafe_mkt=naver_ks&mkt_in=Y&ghost_mall_id=naver&ref=naver_open	https://orom.co.kr/product/detail.html?product_no=3022&cate_no=137&display_group=1&cafe_mkt=naver_ks	http://orom.co.kr/web/product/medium/202308/26a86a6ef2a4f3fc4586bd8086ee58de_dburl.jpg			지갑					신상품				오롬	오롬			69000	오롬|각인 지갑|오롬 카드지갑|가죽지갑|천연 가죽지갑|남자 지갑|여자 지갑|클래식 지갑|슬림 지갑|수제 지갑	1	7	0			
3025	여권케이스 바스크	44000	44000		https://orom.co.kr/product/detail.html?product_no=3025&cate_no=137&display_group=1&cafe_mkt=naver_ks&mkt_in=Y&ghost_mall_id=naver&ref=naver_open	https://orom.co.kr/product/detail.html?product_no=3025&cate_no=137&display_group=1&cafe_mkt=naver_ks	http://orom.co.kr/web/product/medium/202308/d958b4cc12d22e3b829f198deb50e2b1_dburl.jpg			지갑					신상품				오롬	오롬			44000	오롬|각인 지갑|오롬 여권지갑|가죽지갑|천연 가죽지갑|남자 지갑|여자 지갑|클래식 지갑|슬림 지갑|수제 지갑	1	4	0			
3029	여권케이스 날개형	79000	79000		https://orom.co.kr/product/detail.html?product_no=3029&cate_no=137&display_group=1&cafe_mkt=naver_ks&mkt_in=Y&ghost_mall_id=naver&ref=naver_open	https://orom.co.kr/product/detail.html?product_no=3029&cate_no=137&display_group=1&cafe_mkt=naver_ks	http://orom.co.kr/web/product/medium/202308/ee4f8a50b2ae168db3b85b9ebde515db_dburl.jpg			지갑					신상품				오롬	오롬			79000	오롬|각인 지갑|오롬 여권지갑|가죽지갑|천연 가죽지갑|남자 지갑|여자 지갑|클래식 지갑|슬림 지갑|수제 지갑	1	1	0			
3036	여권케이스 메탈포인트	75000	75000		https://orom.co.kr/product/detail.html?product_no=3036&cate_no=137&display_group=1&cafe_mkt=naver_ks&mkt_in=Y&ghost_mall_id=naver&ref=naver_open	https://orom.co.kr/product/detail.html?product_no=3036&cate_no=137&display_group=1&cafe_mkt=naver_ks	http://orom.co.kr/web/product/medium/202409/685a52bef96f77dc215e563e5a1f2232_dburl.jpg			지갑					신상품				오롬	오롬			75000	오롬|각인 지갑|오롬 여권지갑|가죽지갑|천연 가죽지갑|남자 지갑|여자 지갑|클래식 지갑|슬림 지갑|수제 지갑	1	4	0			
3038	한지노트 봄봄	12000	12000		https://orom.co.kr/product/detail.html?product_no=3038&cate_no=134&display_group=1&cafe_mkt=naver_ks&mkt_in=Y&ghost_mall_id=naver&ref=naver_open	https://orom.co.kr/product/detail.html?product_no=3038&cate_no=134&display_group=1&cafe_mkt=naver_ks	http://orom.co.kr/web/product/medium/202403/936c48a26aa6ac27d5a00adf65ca782e_dburl.jpg			노트					신상품				오롬	오롬			12000	오롬|각인 노트|노트|공책|디자인 노트|디자인 공책|점선 노트|점선 공책|그리드 노트|그리드 공책	1	6	3000			
3040	[Tidy 시리즈] No.3 스테이셔너리 트레이	155000	155000		https://orom.co.kr/product/detail.html?product_no=3040&cate_no=138&display_group=1&cafe_mkt=naver_ks&mkt_in=Y&ghost_mall_id=naver&ref=naver_open	https://orom.co.kr/product/detail.html?product_no=3040&cate_no=138&display_group=1&cafe_mkt=naver_ks	http://orom.co.kr/web/product/medium/202309/ecb03da2906616010d54b15c8b76f9bb_dburl.png			데스크 용품					신상품				오롬	오롬			155000	핸드메이드|수제|가죽|고급|선물|수납|신입사원|임직원	1	10	0			
3041	[Tidy 시리즈] No.2 메모홀더	110000	110000		https://orom.co.kr/product/detail.html?product_no=3041&cate_no=138&display_group=1&cafe_mkt=naver_ks&mkt_in=Y&ghost_mall_id=naver&ref=naver_open	https://orom.co.kr/product/detail.html?product_no=3041&cate_no=138&display_group=1&cafe_mkt=naver_ks	http://orom.co.kr/web/product/medium/202309/4b3e427a727396a7a33bc3750a71a8ce_dburl.png			데스크 용품					신상품				오롬	오롬			110000	핸드메이드|수제|가죽|고급|선물|수납|신입사원|임직원	1	2	0			
3042	[Tidy 시리즈] No.1 데스크 매트 와이드	225000	225000		https://orom.co.kr/product/detail.html?product_no=3042&cate_no=138&display_group=1&cafe_mkt=naver_ks&mkt_in=Y&ghost_mall_id=naver&ref=naver_open	https://orom.co.kr/product/detail.html?product_no=3042&cate_no=138&display_group=1&cafe_mkt=naver_ks	http://orom.co.kr/web/product/medium/202402/3b1923baf420eac75bdaa116920af004_dburl.jpg			데스크 용품					신상품				오롬	오롬			225000	핸드메이드|수제|가죽|고급|선물|수납|신입사원|임직원	1	15	0			
3043	[Tidy 시리즈] No.1 데스크 매트 스탠다드	190000	190000		https://orom.co.kr/product/detail.html?product_no=3043&cate_no=138&display_group=1&cafe_mkt=naver_ks&mkt_in=Y&ghost_mall_id=naver&ref=naver_open	https://orom.co.kr/product/detail.html?product_no=3043&cate_no=138&display_group=1&cafe_mkt=naver_ks	http://orom.co.kr/web/product/medium/202309/036d2dda0fa17e94950c492bca6c2917_dburl.jpg			데스크 용품					신상품				오롬	오롬			190000	핸드메이드|수제|가죽|고급|선물|수납|신입사원|임직원	1	6	0			
3045	북커버 미디엄 슬림형 재생 사피아노	57000	57000		https://orom.co.kr/product/detail.html?product_no=3045&cate_no=133&display_group=1&cafe_mkt=naver_ks&mkt_in=Y&ghost_mall_id=naver&ref=naver_open	https://orom.co.kr/product/detail.html?product_no=3045&cate_no=133&display_group=1&cafe_mkt=naver_ks	http://orom.co.kr/web/product/medium/202308/a4ff82cbe843daf396bce3ed73c6fb31_dburl.jpg			다이어리 · 속지					신상품				오롬	오롬			57000	다이어리|플래너|가죽|고급|명품|리필|커버	1	2	0			
3047	한지노트 민화	10000	10000		https://orom.co.kr/product/detail.html?product_no=3047&cate_no=134&display_group=1&cafe_mkt=naver_ks&mkt_in=Y&ghost_mall_id=naver&ref=naver_open	https://orom.co.kr/product/detail.html?product_no=3047&cate_no=134&display_group=1&cafe_mkt=naver_ks	http://orom.co.kr/web/product/medium/202308/1ad3edc613d7b39719aafafc90040c7a_dburl.jpg			노트					신상품				오롬	오롬			10000	오롬|각인 노트|노트|공책|디자인 노트|디자인 공책|점선 노트|점선 공책|그리드 노트|그리드 공책	1	2	3000			
3051	여행용 장지갑 브레비타	85000	85000		https://orom.co.kr/product/detail.html?product_no=3051&cate_no=137&display_group=1&cafe_mkt=naver_ks&mkt_in=Y&ghost_mall_id=naver&ref=naver_open	https://orom.co.kr/product/detail.html?product_no=3051&cate_no=137&display_group=1&cafe_mkt=naver_ks	http://orom.co.kr/web/product/medium/202309/475c3ceadf49b1c75a90582e153cfbd2_dburl.jpg			지갑					신상품				오롬	오롬			85000	오롬|각인 지갑|오롬 여권지갑|가죽지갑|천연 가죽지갑|남자 지갑|여자 지갑|클래식 지갑|슬림 지갑|수제 지갑	1		0			
3052	북커버 미디엄 슬림형 플레인	57000	57000		https://orom.co.kr/product/detail.html?product_no=3052&cate_no=133&display_group=1&cafe_mkt=naver_ks&mkt_in=Y&ghost_mall_id=naver&ref=naver_open	https://orom.co.kr/product/detail.html?product_no=3052&cate_no=133&display_group=1&cafe_mkt=naver_ks	http://orom.co.kr/web/product/medium/202308/cbddbd144066044e38e9ffa35b58ea6a_dburl.jpg			다이어리 · 속지					신상품				오롬	오롬			57000	다이어리|플래너|가죽|고급|명품|리필|커버	1	3	0			
3053	한지노트 콜라주	10000	10000		https://orom.co.kr/product/detail.html?product_no=3053&cate_no=134&display_group=1&cafe_mkt=naver_ks&mkt_in=Y&ghost_mall_id=naver&ref=naver_open	https://orom.co.kr/product/detail.html?product_no=3053&cate_no=134&display_group=1&cafe_mkt=naver_ks	http://orom.co.kr/web/product/medium/202403/ad7f73149250d488635c4863a3327c30_dburl.jpg			노트					신상품				오롬	오롬			10000	오롬|각인 노트|노트|공책|디자인 노트|디자인 공책|점선 노트|점선 공책|그리드 노트|그리드 공책	1	1	3000			
3059	27년 6공 속지 라이프로그 (중) 데일리 단품 (1일1면)	13000	13000		https://orom.co.kr/product/detail.html?product_no=3059&cate_no=133&display_group=1&cafe_mkt=naver_ks&mkt_in=Y&ghost_mall_id=naver&ref=naver_open	https://orom.co.kr/product/detail.html?product_no=3059&cate_no=133&display_group=1&cafe_mkt=naver_ks	http://orom.co.kr/web/product/medium/202509/1932b237c86aefaf665e99ee20db26f0_dburl.jpg			다이어리 · 속지					신상품				오롬	오롬			13000	다이어리|플래너|가죽|고급|명품|양장|연도|만년|6공|시스템	1	21	3000			
3060	6공 오거나이저 (포켓) 플레인	80000	80000		https://orom.co.kr/product/detail.html?product_no=3060&cate_no=133&display_group=1&cafe_mkt=naver_ks&mkt_in=Y&ghost_mall_id=naver&ref=naver_open	https://orom.co.kr/product/detail.html?product_no=3060&cate_no=133&display_group=1&cafe_mkt=naver_ks	http://orom.co.kr/web/product/medium/202308/f0c52963e7dbd60a5a18fb957bd2fbd7_dburl.jpg			다이어리 · 속지					신상품				오롬	오롬			80000	다이어리|플래너|가죽|고급|명품|양장|연도|만년|6공|시스템	1	3	0			
3061	6공 오거나이저 (중) 플레인	90000	90000		https://orom.co.kr/product/detail.html?product_no=3061&cate_no=133&display_group=1&cafe_mkt=naver_ks&mkt_in=Y&ghost_mall_id=naver&ref=naver_open	https://orom.co.kr/product/detail.html?product_no=3061&cate_no=133&display_group=1&cafe_mkt=naver_ks	http://orom.co.kr/web/product/medium/202601/9b3d26feba8801464428a1d15a3da4d2_dburl.png			다이어리 · 속지					신상품				오롬	오롬			90000	다이어리|플래너|가죽|고급|명품|양장|연도|만년|6공|시스템	1		0			
3065	한지노트 순수	10000	10000		https://orom.co.kr/product/detail.html?product_no=3065&cate_no=134&display_group=1&cafe_mkt=naver_ks&mkt_in=Y&ghost_mall_id=naver&ref=naver_open	https://orom.co.kr/product/detail.html?product_no=3065&cate_no=134&display_group=1&cafe_mkt=naver_ks	http://orom.co.kr/web/product/medium/202403/b4f851e231fc6a2afcc7212a3ea546b3_dburl.jpg			노트					신상품				오롬	오롬			10000	오롬|각인 노트|노트|공책|디자인 노트|디자인 공책|점선 노트|점선 공책|그리드 노트|그리드 공책	1	9	3000			
3076	6공 오거나이저 (포켓) 스퀘어	125000	125000		https://orom.co.kr/product/detail.html?product_no=3076&cate_no=133&display_group=1&cafe_mkt=naver_ks&mkt_in=Y&ghost_mall_id=naver&ref=naver_open	https://orom.co.kr/product/detail.html?product_no=3076&cate_no=133&display_group=1&cafe_mkt=naver_ks	http://orom.co.kr/web/product/medium/202308/8ce786629863f2bcc1cd075367b2c0e9_dburl.jpg			다이어리 · 속지					신상품				오롬	오롬			125000	다이어리|플래너|가죽|고급|명품|양장|연도|만년|6공|시스템	1		0			
3077	노트패드 A4 어번	225000	225000		https://orom.co.kr/product/detail.html?product_no=3077&cate_no=133&display_group=1&cafe_mkt=naver_ks&mkt_in=Y&ghost_mall_id=naver&ref=naver_open	https://orom.co.kr/product/detail.html?product_no=3077&cate_no=133&display_group=1&cafe_mkt=naver_ks	http://orom.co.kr/web/product/medium/202309/36c2afdc63070b8a42d68d9fd31dbb13_dburl.jpg			다이어리 · 속지					신상품				오롬	오롬			225000	A4|커버|사무|옥스패드|리갈패드	1	2	0			
3081	와일드 엘크 키링	31000	31000		https://orom.co.kr/product/detail.html?product_no=3081&cate_no=136&display_group=1&cafe_mkt=naver_ks&mkt_in=Y&ghost_mall_id=naver&ref=naver_open	https://orom.co.kr/product/detail.html?product_no=3081&cate_no=136&display_group=1&cafe_mkt=naver_ks	http://orom.co.kr/web/product/medium/202311/6c11d4895cb81ee95352cd65d240cc66_dburl.jpg			가죽 케이스					신상품				오롬	오롬			31000	핸드메이드|수제|지갑|가죽|고급|수납|선물	1	3	3000			
3082	메탈포인트 키링	25000	25000		https://orom.co.kr/product/detail.html?product_no=3082&cate_no=136&display_group=1&cafe_mkt=naver_ks&mkt_in=Y&ghost_mall_id=naver&ref=naver_open	https://orom.co.kr/product/detail.html?product_no=3082&cate_no=136&display_group=1&cafe_mkt=naver_ks	http://orom.co.kr/web/product/medium/202309/0f61b02a04fd75293b583555d8c924bd_dburl.jpg			가죽 케이스					신상품				오롬	오롬			25000	핸드메이드|수제|지갑|가죽|고급|수납|선물	1	1	3000			
3088	소가죽 마우스 패드 천연 검정	71000	71000		https://orom.co.kr/product/detail.html?product_no=3088&cate_no=138&display_group=1&cafe_mkt=naver_ks&mkt_in=Y&ghost_mall_id=naver&ref=naver_open	https://orom.co.kr/product/detail.html?product_no=3088&cate_no=138&display_group=1&cafe_mkt=naver_ks	http://orom.co.kr/web/product/medium/202309/933bcebce034439c0201d38730f09bdf_dburl.jpg			데스크 용품					신상품				오롬	오롬			71000	핸드메이드|수제|가죽|고급|선물|수납|신입사원|임직원	1	5	0			
3089	펜케이스 2구 A	63000	63000		https://orom.co.kr/product/detail.html?product_no=3089&cate_no=135&display_group=1&cafe_mkt=naver_ks&mkt_in=Y&ghost_mall_id=naver&ref=naver_open	https://orom.co.kr/product/detail.html?product_no=3089&cate_no=135&display_group=1&cafe_mkt=naver_ks	http://orom.co.kr/web/product/medium/202308/ff9dfdb92516aee82f7a3f793fd662ca_dburl.jpg			만년필 용품					신상품				오롬	오롬			63000	핸드메이드|수제|가죽|고급|선물|수납|만년필|파우치|케이스|필통	1	23	0			
3090	펜케이스 슬림형	57000	57000		https://orom.co.kr/product/detail.html?product_no=3090&cate_no=135&display_group=1&cafe_mkt=naver_ks&mkt_in=Y&ghost_mall_id=naver&ref=naver_open	https://orom.co.kr/product/detail.html?product_no=3090&cate_no=135&display_group=1&cafe_mkt=naver_ks	http://orom.co.kr/web/product/medium/202308/e2421b13ac63e20123ebf60cb89e4b42_dburl.jpg			만년필 용품					신상품				오롬	오롬			57000	핸드메이드|수제|가죽|고급|선물|수납|만년필|파우치|케이스|필통	1	22	0			
3091	펜파우치 와일드 엘크	52000	52000		https://orom.co.kr/product/detail.html?product_no=3091&cate_no=135&display_group=1&cafe_mkt=naver_ks&mkt_in=Y&ghost_mall_id=naver&ref=naver_open	https://orom.co.kr/product/detail.html?product_no=3091&cate_no=135&display_group=1&cafe_mkt=naver_ks	http://orom.co.kr/web/product/medium/202311/3d3bedeb35214813af4ee236769ffef5_dburl.jpg			만년필 용품					신상품				오롬	오롬			52000	핸드메이드|수제|가죽|고급|선물|수납|만년필|파우치|케이스|필통	1	51	0			
3092	만년필 케이스 1구 스퀘어	95000	95000		https://orom.co.kr/product/detail.html?product_no=3092&cate_no=135&display_group=1&cafe_mkt=naver_ks&mkt_in=Y&ghost_mall_id=naver&ref=naver_open	https://orom.co.kr/product/detail.html?product_no=3092&cate_no=135&display_group=1&cafe_mkt=naver_ks	http://orom.co.kr/web/product/medium/202308/b7ba718e9be87d817981900ee86d9dd0_dburl.jpg			만년필 용품					신상품				오롬	오롬			95000	핸드메이드|수제|가죽|고급|선물|수납|만년필|파우치|케이스|필통	1	21	0			
3097	머니클립 와일드 엘크  (자석)	31000	31000		https://orom.co.kr/product/detail.html?product_no=3097&cate_no=137&display_group=1&cafe_mkt=naver_ks&mkt_in=Y&ghost_mall_id=naver&ref=naver_open	https://orom.co.kr/product/detail.html?product_no=3097&cate_no=137&display_group=1&cafe_mkt=naver_ks	http://orom.co.kr/web/product/medium/202311/af6f4c29307be3e62aec07b33597f210_dburl.jpg			지갑					신상품				오롬	오롬			31000	오롬|각인 지갑|오롬 머니클립|가죽지갑|천연 가죽지갑|남자 지갑|여자 지갑|클래식 지갑|슬림 지갑|수제 지갑	1	33	3000			
3098	반지갑 콤비	74000	74000		https://orom.co.kr/product/detail.html?product_no=3098&cate_no=137&display_group=1&cafe_mkt=naver_ks&mkt_in=Y&ghost_mall_id=naver&ref=naver_open	https://orom.co.kr/product/detail.html?product_no=3098&cate_no=137&display_group=1&cafe_mkt=naver_ks	http://orom.co.kr/web/product/medium/202308/8a611155e03ee874e73b102b6aea7745_dburl.jpg			지갑					신상품				오롬	오롬			74000	오롬|각인 지갑|오롬 지갑|가죽지갑|천연 가죽지갑|남자 지갑|여자 지갑|클래식 지갑|슬림 지갑|수제 지갑	1	15	0			
3100	장지갑 지퍼형 핫핑크	115000	115000		https://orom.co.kr/product/detail.html?product_no=3100&cate_no=137&display_group=1&cafe_mkt=naver_ks&mkt_in=Y&ghost_mall_id=naver&ref=naver_open	https://orom.co.kr/product/detail.html?product_no=3100&cate_no=137&display_group=1&cafe_mkt=naver_ks	http://orom.co.kr/web/product/medium/202309/40fb19b4a3cb336cc728dd91a922a4dc_dburl.jpg			지갑					신상품				오롬	오롬			115000	오롬|각인 지갑|오롬 지갑|가죽지갑|천연 가죽지갑|남자 지갑|여자 지갑|클래식 지갑|슬림 지갑|수제 지갑	1	1	0			
3103	멀티파우치 지퍼형 와일드 엘크	105000	105000		https://orom.co.kr/product/detail.html?product_no=3103&cate_no=137&display_group=1&cafe_mkt=naver_ks&mkt_in=Y&ghost_mall_id=naver&ref=naver_open	https://orom.co.kr/product/detail.html?product_no=3103&cate_no=137&display_group=1&cafe_mkt=naver_ks	http://orom.co.kr/web/product/medium/202312/2aba978a21c98aa5688bc0251ca06780_dburl.jpg			지갑					신상품				오롬	오롬			105000	오롬|각인 지갑|오롬 지갑|가죽지갑|천연 가죽지갑|남자 지갑|여자 지갑|클래식 지갑|슬림 지갑|수제 지갑	1	17	0			
3108	카드케이스 콤비 모닝	36000	36000		https://orom.co.kr/product/detail.html?product_no=3108&cate_no=137&display_group=1&cafe_mkt=naver_ks&mkt_in=Y&ghost_mall_id=naver&ref=naver_open	https://orom.co.kr/product/detail.html?product_no=3108&cate_no=137&display_group=1&cafe_mkt=naver_ks	http://orom.co.kr/web/product/medium/202308/b253c9704d03820fa0257e3ec29ff4b7_dburl.jpg			지갑					신상품				오롬	오롬			36000	오롬|각인 지갑|오롬 카드지갑|가죽지갑|천연 가죽지갑|남자 지갑|여자 지갑|클래식 지갑|슬림 지갑|수제 지갑	1	12	3000			
3110	패스카드케이스 목걸이 포인트	65000	65000		https://orom.co.kr/product/detail.html?product_no=3110&cate_no=137&display_group=1&cafe_mkt=naver_ks&mkt_in=Y&ghost_mall_id=naver&ref=naver_open	https://orom.co.kr/product/detail.html?product_no=3110&cate_no=137&display_group=1&cafe_mkt=naver_ks	http://orom.co.kr/web/product/medium/202308/5d06dc5b5aabf62e7262e827f408e945_dburl.jpg			지갑					신상품				오롬	오롬			65000	오롬|각인 지갑|오롬 카드지갑|가죽지갑|천연 가죽지갑|남자 지갑|여자 지갑|클래식 지갑|슬림 지갑|수제 지갑	1	14	0			
3111	카드케이스 리필비닐케이스	3000	3000		https://orom.co.kr/product/detail.html?product_no=3111&cate_no=137&display_group=1&cafe_mkt=naver_ks&mkt_in=Y&ghost_mall_id=naver&ref=naver_open	https://orom.co.kr/product/detail.html?product_no=3111&cate_no=137&display_group=1&cafe_mkt=naver_ks	http://orom.co.kr/web/product/medium/202308/38baaf06e907b59e45e1394280d3ebad_dburl.jpg			지갑					신상품				오롬	오롬			3000	오롬|각인 지갑|오롬 카드지갑|가죽지갑|천연 가죽지갑|남자 지갑|여자 지갑|클래식 지갑|슬림 지갑|수제 지갑	1	18	3000			
3115	명함지갑 슬림형 포인트	73000	73000		https://orom.co.kr/product/detail.html?product_no=3115&cate_no=137&display_group=1&cafe_mkt=naver_ks&mkt_in=Y&ghost_mall_id=naver&ref=naver_open	https://orom.co.kr/product/detail.html?product_no=3115&cate_no=137&display_group=1&cafe_mkt=naver_ks	http://orom.co.kr/web/product/medium/202402/b22f871707fddafb30fd929c88ed828f_dburl.jpg			지갑					신상품				오롬	오롬			73000	오롬|각인 지갑|오롬 카드지갑|가죽지갑|천연 가죽지갑|남자 지갑|여자 지갑|클래식 지갑|슬림 지갑|수제 지갑	1	60	0			
3116	명함지갑 재생크로커 자석형	44000	44000		https://orom.co.kr/product/detail.html?product_no=3116&cate_no=137&display_group=1&cafe_mkt=naver_ks&mkt_in=Y&ghost_mall_id=naver&ref=naver_open	https://orom.co.kr/product/detail.html?product_no=3116&cate_no=137&display_group=1&cafe_mkt=naver_ks	http://orom.co.kr/web/product/medium/202409/741047bc03d874996454b102f86a1189_dburl.jpg			지갑					신상품				오롬	오롬			44000	오롬|각인 지갑|오롬 카드지갑|가죽지갑|천연 가죽지갑|남자 지갑|여자 지갑|클래식 지갑|슬림 지갑|수제 지갑	1	3	0			
3118	명함지갑 자석형 천연 블랙	58000	58000		https://orom.co.kr/product/detail.html?product_no=3118&cate_no=137&display_group=1&cafe_mkt=naver_ks&mkt_in=Y&ghost_mall_id=naver&ref=naver_open	https://orom.co.kr/product/detail.html?product_no=3118&cate_no=137&display_group=1&cafe_mkt=naver_ks	http://orom.co.kr/web/product/medium/202308/0c67e464d3ea70ca86978a650e841e73_dburl.jpg			지갑					신상품				오롬	오롬			58000	오롬|각인 지갑|오롬 카드지갑|가죽지갑|천연 가죽지갑|남자 지갑|여자 지갑|클래식 지갑|슬림 지갑|수제 지갑	1	2	0			
3123	여권케이스 수납형 레드	75000	75000		https://orom.co.kr/product/detail.html?product_no=3123&cate_no=137&display_group=1&cafe_mkt=naver_ks&mkt_in=Y&ghost_mall_id=naver&ref=naver_open	https://orom.co.kr/product/detail.html?product_no=3123&cate_no=137&display_group=1&cafe_mkt=naver_ks	http://orom.co.kr/web/product/medium/202309/c310709c3e689c73cff6d570397f0258_dburl.jpg			지갑					신상품				오롬	오롬			75000	오롬|각인 지갑|오롬 여권지갑|가죽지갑|천연 가죽지갑|남자 지갑|여자 지갑|클래식 지갑|슬림 지갑|수제 지갑	1		0			
3124	여권케이스 타조	32000	32000		https://orom.co.kr/product/detail.html?product_no=3124&cate_no=137&display_group=1&cafe_mkt=naver_ks&mkt_in=Y&ghost_mall_id=naver&ref=naver_open	https://orom.co.kr/product/detail.html?product_no=3124&cate_no=137&display_group=1&cafe_mkt=naver_ks	http://orom.co.kr/web/product/medium/202308/179863049aef373ac4566feab6921df2_dburl.jpg			지갑					신상품				오롬	오롬			32000	오롬|각인 지갑|오롬 여권지갑|가죽지갑|천연 가죽지갑|남자 지갑|여자 지갑|클래식 지갑|슬림 지갑|수제 지갑	1	11	3000			
3125	여권케이스 재생크로커	44000	44000		https://orom.co.kr/product/detail.html?product_no=3125&cate_no=137&display_group=1&cafe_mkt=naver_ks&mkt_in=Y&ghost_mall_id=naver&ref=naver_open	https://orom.co.kr/product/detail.html?product_no=3125&cate_no=137&display_group=1&cafe_mkt=naver_ks	http://orom.co.kr/web/product/medium/202409/9f2d536022da599befd4a4d51937afa8_dburl.jpg			지갑					신상품				오롬	오롬			44000	오롬|각인 지갑|오롬 여권지갑|가죽지갑|천연 가죽지갑|남자 지갑|여자 지갑|클래식 지갑|슬림 지갑|수제 지갑	1	4	0			
3126	여권케이스 와일드 엘크	90000	90000		https://orom.co.kr/product/detail.html?product_no=3126&cate_no=137&display_group=1&cafe_mkt=naver_ks&mkt_in=Y&ghost_mall_id=naver&ref=naver_open	https://orom.co.kr/product/detail.html?product_no=3126&cate_no=137&display_group=1&cafe_mkt=naver_ks	http://orom.co.kr/web/product/medium/202409/e4d41682ccd20c0d07d688212cffccc6_dburl.jpg			지갑					신상품				오롬	오롬			90000	오롬|각인 지갑|오롬 여권지갑|가죽지갑|천연 가죽지갑|남자 지갑|여자 지갑|클래식 지갑|슬림 지갑|수제 지갑	1	13	0			
3127	노트패드 A4 끼움형 (상장케이스)	165000	165000		https://orom.co.kr/product/detail.html?product_no=3127&cate_no=133&display_group=1&cafe_mkt=naver_ks&mkt_in=Y&ghost_mall_id=naver&ref=naver_open	https://orom.co.kr/product/detail.html?product_no=3127&cate_no=133&display_group=1&cafe_mkt=naver_ks	http://orom.co.kr/web/product/medium/202309/a8a9e9ab150ff30d9a54c98b0485dfdb_dburl.jpg			다이어리 · 속지					신상품				오롬	오롬			165000	A4|커버|사무|옥스패드|리갈패드	1		0			
3129	노트패드 A4 카드홀더형	205000	205000		https://orom.co.kr/product/detail.html?product_no=3129&cate_no=133&display_group=1&cafe_mkt=naver_ks&mkt_in=Y&ghost_mall_id=naver&ref=naver_open	https://orom.co.kr/product/detail.html?product_no=3129&cate_no=133&display_group=1&cafe_mkt=naver_ks	http://orom.co.kr/web/product/medium/202409/d1b9a2e7f2dcec51a9e9a7bc48bdb6cf_dburl.jpg			다이어리 · 속지					신상품				오롬	오롬			205000	A4|커버|사무|옥스패드|리갈패드	1	16	0			
3130	A4 파일홀더 스티치	68000	68000		https://orom.co.kr/product/detail.html?product_no=3130&cate_no=133&display_group=1&cafe_mkt=naver_ks&mkt_in=Y&ghost_mall_id=naver&ref=naver_open	https://orom.co.kr/product/detail.html?product_no=3130&cate_no=133&display_group=1&cafe_mkt=naver_ks	http://orom.co.kr/web/product/medium/202309/911391dacbfb3995f84f52b20d14fd9e_dburl.jpg			다이어리 · 속지					신상품				오롬	오롬			68000	A4|커버|사무|옥스패드|리갈패드	1	1	0			
3131	노트패드 A4 메탈포인트 와인	215000	215000		https://orom.co.kr/product/detail.html?product_no=3131&cate_no=133&display_group=1&cafe_mkt=naver_ks&mkt_in=Y&ghost_mall_id=naver&ref=naver_open	https://orom.co.kr/product/detail.html?product_no=3131&cate_no=133&display_group=1&cafe_mkt=naver_ks	http://orom.co.kr/web/product/medium/202309/3e817e82549641da2d437ccea1028060_dburl.jpg			다이어리 · 속지					신상품				오롬	오롬			215000	A4|커버|사무|옥스패드|리갈패드	1	8	0			
3132	노트패드 A4 어번 지퍼형	295000	295000		https://orom.co.kr/product/detail.html?product_no=3132&cate_no=133&display_group=1&cafe_mkt=naver_ks&mkt_in=Y&ghost_mall_id=naver&ref=naver_open	https://orom.co.kr/product/detail.html?product_no=3132&cate_no=133&display_group=1&cafe_mkt=naver_ks	http://orom.co.kr/web/product/medium/202309/8d7c122b147e9472bd56a1358e996fb8_dburl.jpg			다이어리 · 속지					신상품				오롬	오롬			295000	A4|커버|사무|옥스패드|리갈패드	1	4	0			
3135	한지노트 수묵 돌멩이	16000	16000		https://orom.co.kr/product/detail.html?product_no=3135&cate_no=134&display_group=1&cafe_mkt=naver_ks&mkt_in=Y&ghost_mall_id=naver&ref=naver_open	https://orom.co.kr/product/detail.html?product_no=3135&cate_no=134&display_group=1&cafe_mkt=naver_ks	http://orom.co.kr/web/product/medium/202309/117255687118e1305436df536d15d05f_dburl.jpg			노트					신상품				오롬	오롬			16000	오롬|각인 노트|노트|공책|디자인 노트|디자인 공책|점선 노트|점선 공책|그리드 노트|그리드 공책	1	5	3000			
3136	한지노트 수묵 돌탑	16000	16000		https://orom.co.kr/product/detail.html?product_no=3136&cate_no=134&display_group=1&cafe_mkt=naver_ks&mkt_in=Y&ghost_mall_id=naver&ref=naver_open	https://orom.co.kr/product/detail.html?product_no=3136&cate_no=134&display_group=1&cafe_mkt=naver_ks	http://orom.co.kr/web/product/medium/202308/b48dd0510e3a78ca008c363e6d821ea6_dburl.jpg			노트					신상품				오롬	오롬			16000	오롬|각인 노트|노트|공책|디자인 노트|디자인 공책|점선 노트|점선 공책|그리드 노트|그리드 공책	1	9	3000			
3137	한지노트 수묵 하얀줄	16000	16000		https://orom.co.kr/product/detail.html?product_no=3137&cate_no=134&display_group=1&cafe_mkt=naver_ks&mkt_in=Y&ghost_mall_id=naver&ref=naver_open	https://orom.co.kr/product/detail.html?product_no=3137&cate_no=134&display_group=1&cafe_mkt=naver_ks	http://orom.co.kr/web/product/medium/202308/071b984123478d071bb41aa9e047cc17_dburl.jpg			노트					신상품				오롬	오롬			16000	오롬|각인 노트|노트|공책|디자인 노트|디자인 공책|점선 노트|점선 공책|그리드 노트|그리드 공책	1	3	3000			
3138	한지노트 수묵 검은줄	16000	16000		https://orom.co.kr/product/detail.html?product_no=3138&cate_no=134&display_group=1&cafe_mkt=naver_ks&mkt_in=Y&ghost_mall_id=naver&ref=naver_open	https://orom.co.kr/product/detail.html?product_no=3138&cate_no=134&display_group=1&cafe_mkt=naver_ks	http://orom.co.kr/web/product/medium/202308/f6cd5396adf3e446acf37b45022e87f1_dburl.jpg			노트					신상품				오롬	오롬			16000	오롬|각인 노트|노트|공책|디자인 노트|디자인 공책|점선 노트|점선 공책|그리드 노트|그리드 공책	1	2	3000			
3139	한지노트 수묵 여러줄	16000	16000		https://orom.co.kr/product/detail.html?product_no=3139&cate_no=134&display_group=1&cafe_mkt=naver_ks&mkt_in=Y&ghost_mall_id=naver&ref=naver_open	https://orom.co.kr/product/detail.html?product_no=3139&cate_no=134&display_group=1&cafe_mkt=naver_ks	http://orom.co.kr/web/product/medium/202308/4771ac4719ce231129e26201b2b0ea4f_dburl.jpg			노트					신상품				오롬	오롬			16000	오롬|각인 노트|노트|공책|디자인 노트|디자인 공책|점선 노트|점선 공책|그리드 노트|그리드 공책	1	3	3000			
3145	한지노트 자연 스몰	16000	16000		https://orom.co.kr/product/detail.html?product_no=3145&cate_no=134&display_group=1&cafe_mkt=naver_ks&mkt_in=Y&ghost_mall_id=naver&ref=naver_open	https://orom.co.kr/product/detail.html?product_no=3145&cate_no=134&display_group=1&cafe_mkt=naver_ks	http://orom.co.kr/web/product/medium/202403/70ba4cd2aaf7ac1ae7ee112be5deb31d_dburl.jpg			노트					신상품				오롬	오롬			16000	오롬|각인 노트|노트|공책|디자인 노트|디자인 공책|점선 노트|점선 공책|그리드 노트|그리드 공책	1	2	3000			
3148	한지노트 자연 미디움	25000	25000		https://orom.co.kr/product/detail.html?product_no=3148&cate_no=134&display_group=1&cafe_mkt=naver_ks&mkt_in=Y&ghost_mall_id=naver&ref=naver_open	https://orom.co.kr/product/detail.html?product_no=3148&cate_no=134&display_group=1&cafe_mkt=naver_ks	http://orom.co.kr/web/product/medium/202308/a6562c50b2f321bcc3c549d56756f797_dburl.jpg			노트					신상품				오롬	오롬			25000	오롬|각인 노트|노트|공책|디자인 노트|디자인 공책|점선 노트|점선 공책|그리드 노트|그리드 공책	1	3	3000			
3151	노트패드 속지 A5 유선	8000	8000		https://orom.co.kr/product/detail.html?product_no=3151&cate_no=133&display_group=1&cafe_mkt=naver_ks&mkt_in=Y&ghost_mall_id=naver&ref=naver_open	https://orom.co.kr/product/detail.html?product_no=3151&cate_no=133&display_group=1&cafe_mkt=naver_ks	http://orom.co.kr/web/product/medium/202308/1b0d400f626437d1d10b4da1141db9f8_dburl.jpg			다이어리 · 속지					신상품				오롬	오롬			8000	A5|커버|사무|옥스패드|리갈패드	1	21	3000			
3152	노트패드 속지 A5 무선	8000	8000		https://orom.co.kr/product/detail.html?product_no=3152&cate_no=133&display_group=1&cafe_mkt=naver_ks&mkt_in=Y&ghost_mall_id=naver&ref=naver_open	https://orom.co.kr/product/detail.html?product_no=3152&cate_no=133&display_group=1&cafe_mkt=naver_ks	http://orom.co.kr/web/product/medium/202308/9e21d4f3c072bb9fa92e592cce3d3190_dburl.jpg			다이어리 · 속지					신상품				오롬	오롬			8000	A5|커버|사무|옥스패드|리갈패드	1	6	3000			
3153	노트패드 속지 세미 유선	6500	6500		https://orom.co.kr/product/detail.html?product_no=3153&cate_no=145&display_group=1&cafe_mkt=naver_ks&mkt_in=Y&ghost_mall_id=naver&ref=naver_open	https://orom.co.kr/product/detail.html?product_no=3153&cate_no=145&display_group=1&cafe_mkt=naver_ks	http://orom.co.kr/web/product/medium/202308/85f703fdcad87042fffe904238628b28_dburl.jpg			다이어리 · 속지	노트패드				신상품				오롬	오롬			6500	A5|커버|사무|옥스패드|리갈패드	1	7	3000			
3154	노트패드 속지 세미 무선	6500	6500		https://orom.co.kr/product/detail.html?product_no=3154&cate_no=145&display_group=1&cafe_mkt=naver_ks&mkt_in=Y&ghost_mall_id=naver&ref=naver_open	https://orom.co.kr/product/detail.html?product_no=3154&cate_no=145&display_group=1&cafe_mkt=naver_ks	http://orom.co.kr/web/product/medium/202308/950ac8ab679c37399217b3cf988d327b_dburl.jpg			다이어리 · 속지	노트패드				신상품				오롬	오롬			6500	A5|커버|사무|옥스패드|리갈패드	1	4	3000			
3155	노트패드 속지 A4 유선	10000	10000		https://orom.co.kr/product/detail.html?product_no=3155&cate_no=133&display_group=1&cafe_mkt=naver_ks&mkt_in=Y&ghost_mall_id=naver&ref=naver_open	https://orom.co.kr/product/detail.html?product_no=3155&cate_no=133&display_group=1&cafe_mkt=naver_ks	http://orom.co.kr/web/product/medium/202308/370e67b2da309060e69fed1a62107a79_dburl.jpg			다이어리 · 속지					신상품				오롬	오롬			10000	A4|커버|사무|옥스패드|리갈패드	1	16	3000			
3156	노트패드 속지 A4 무선	10000	10000		https://orom.co.kr/product/detail.html?product_no=3156&cate_no=133&display_group=1&cafe_mkt=naver_ks&mkt_in=Y&ghost_mall_id=naver&ref=naver_open	https://orom.co.kr/product/detail.html?product_no=3156&cate_no=133&display_group=1&cafe_mkt=naver_ks	http://orom.co.kr/web/product/medium/202308/b7a69645fe24eaba85c18d9db88f89d3_dburl.jpg			다이어리 · 속지					신상품				오롬	오롬			10000	A4|커버|사무|옥스패드|리갈패드	1	10	3000			
3157	북커버 속지 프리폼 미니 유선	10000	10000		https://orom.co.kr/product/detail.html?product_no=3157&cate_no=133&display_group=1&cafe_mkt=naver_ks&mkt_in=Y&ghost_mall_id=naver&ref=naver_open	https://orom.co.kr/product/detail.html?product_no=3157&cate_no=133&display_group=1&cafe_mkt=naver_ks	http://orom.co.kr/web/product/medium/202609/036e2baa452fc46668a47ce3b8595d54_dburl.jpg			다이어리 · 속지					신상품				오롬	오롬			10000	다이어리|플래너|가죽|고급|명품|리필|커버	1	6	3000			
3159	27년 북커버 속지 숏포켓 위클리 와이드	13000	13000		https://orom.co.kr/product/detail.html?product_no=3159&cate_no=133&display_group=1&cafe_mkt=naver_ks&mkt_in=Y&ghost_mall_id=naver&ref=naver_open	https://orom.co.kr/product/detail.html?product_no=3159&cate_no=133&display_group=1&cafe_mkt=naver_ks	http://orom.co.kr/web/product/medium/202609/cfa537f300ed644f296d4b6483187f2c_dburl.jpg			다이어리 · 속지					신상품				오롬	오롬			13000	다이어리|플래너|가죽|고급|명품|리필|커버|26년다이어리|26년 다이어리|2026년다이어리	1	43	3000			
3160	27년 북커버 속지 숏포켓 위클리 1주 1면	13000	13000		https://orom.co.kr/product/detail.html?product_no=3160&cate_no=133&display_group=1&cafe_mkt=naver_ks&mkt_in=Y&ghost_mall_id=naver&ref=naver_open	https://orom.co.kr/product/detail.html?product_no=3160&cate_no=133&display_group=1&cafe_mkt=naver_ks	http://orom.co.kr/web/product/medium/202609/eedb9785ecd18a789362b3a3e0608141_dburl.jpg			다이어리 · 속지					신상품				오롬	오롬			13000	다이어리|플래너|가죽|고급|명품|리필|커버|26년다이어리|26년 다이어리|2026년다이어리	1	97	3000			
3161	북커버 속지 숏포켓 프리폼 유선	13000	13000		https://orom.co.kr/product/detail.html?product_no=3161&cate_no=133&display_group=1&cafe_mkt=naver_ks&mkt_in=Y&ghost_mall_id=naver&ref=naver_open	https://orom.co.kr/product/detail.html?product_no=3161&cate_no=133&display_group=1&cafe_mkt=naver_ks	http://orom.co.kr/web/product/medium/202609/f6f7286316baca6c7dc6ff695ebef789_dburl.jpg			다이어리 · 속지					신상품				오롬	오롬			13000	다이어리|플래너|가죽|고급|명품|리필|커버	1	98	3000			
3162	북커버 속지 숏포켓 노트 별책	5500	5500		https://orom.co.kr/product/detail.html?product_no=3162&cate_no=133&display_group=1&cafe_mkt=naver_ks&mkt_in=Y&ghost_mall_id=naver&ref=naver_open	https://orom.co.kr/product/detail.html?product_no=3162&cate_no=133&display_group=1&cafe_mkt=naver_ks	http://orom.co.kr/web/product/medium/202609/d8922fab0985448f83c5757159b7f565_dburl.jpg			다이어리 · 속지					신상품				오롬	오롬			5500	다이어리|플래너|가죽|고급|명품|리필|커버	1	32	3000			
3163	27년 북커버 속지 롱포켓 위클리와이드	13000	13000		https://orom.co.kr/product/detail.html?product_no=3163&cate_no=133&display_group=1&cafe_mkt=naver_ks&mkt_in=Y&ghost_mall_id=naver&ref=naver_open	https://orom.co.kr/product/detail.html?product_no=3163&cate_no=133&display_group=1&cafe_mkt=naver_ks	http://orom.co.kr/web/product/medium/202609/a10a554f242f40f51c99c9bbf57ab42d_dburl.jpg			다이어리 · 속지					신상품				오롬	오롬			13000	다이어리|플래너|가죽|고급|명품|리필|커버|26년다이어리|26년 다이어리|2026년다이어리	1	25	3000			
3164	27년 북커버 속지 롱포켓 위클리 1주2면	13000	13000		https://orom.co.kr/product/detail.html?product_no=3164&cate_no=133&display_group=1&cafe_mkt=naver_ks&mkt_in=Y&ghost_mall_id=naver&ref=naver_open	https://orom.co.kr/product/detail.html?product_no=3164&cate_no=133&display_group=1&cafe_mkt=naver_ks	http://orom.co.kr/web/product/medium/202609/e0a8d1125884d061fd5844dd8c0c6b17_dburl.jpg			다이어리 · 속지					신상품				오롬	오롬			13000	다이어리|플래너|가죽|고급|명품|리필|커버|26년다이어리|26년 다이어리|2026년다이어리	1	60	3000			
3165	27년 북커버 속지 롱포켓 위클리 1주1면	13000	13000		https://orom.co.kr/product/detail.html?product_no=3165&cate_no=133&display_group=1&cafe_mkt=naver_ks&mkt_in=Y&ghost_mall_id=naver&ref=naver_open	https://orom.co.kr/product/detail.html?product_no=3165&cate_no=133&display_group=1&cafe_mkt=naver_ks	http://orom.co.kr/web/product/medium/202609/ff4e47fd15eb5b6fd069d4b4a24e4cab_dburl.jpg			다이어리 · 속지					신상품				오롬	오롬			13000	다이어리|플래너|가죽|고급|명품|리필|커버|26년다이어리|26년 다이어리|2026년다이어리	1	46	3000			
3166	북커버 속지 롱포켓 프리폼 유선	13000	13000		https://orom.co.kr/product/detail.html?product_no=3166&cate_no=133&display_group=1&cafe_mkt=naver_ks&mkt_in=Y&ghost_mall_id=naver&ref=naver_open	https://orom.co.kr/product/detail.html?product_no=3166&cate_no=133&display_group=1&cafe_mkt=naver_ks	http://orom.co.kr/web/product/medium/202609/a922c4d3af63e06c3a52681644103dd6_dburl.jpg			다이어리 · 속지					신상품				오롬	오롬			13000	다이어리|플래너|가죽|고급|명품|리필|커버	1	75	3000			
3167	북커버 속지 롱포켓 노트 별책	5500	5500		https://orom.co.kr/product/detail.html?product_no=3167&cate_no=133&display_group=1&cafe_mkt=naver_ks&mkt_in=Y&ghost_mall_id=naver&ref=naver_open	https://orom.co.kr/product/detail.html?product_no=3167&cate_no=133&display_group=1&cafe_mkt=naver_ks	http://orom.co.kr/web/product/medium/202609/4d7954c8538a294f9aa929ed15b0bcdc_dburl.jpg			다이어리 · 속지					신상품				오롬	오롬			5500	다이어리|플래너|가죽|고급|명품|리필|커버	1	21	3000			
3169	27년 북커버 속지 워크플래너 미디엄 슬림위클리	13000	13000		https://orom.co.kr/product/detail.html?product_no=3169&cate_no=133&display_group=1&cafe_mkt=naver_ks&mkt_in=Y&ghost_mall_id=naver&ref=naver_open	https://orom.co.kr/product/detail.html?product_no=3169&cate_no=133&display_group=1&cafe_mkt=naver_ks	http://orom.co.kr/web/product/medium/202609/2eae463293811a69cf099d10c1beae8b_dburl.jpg			다이어리 · 속지					신상품				오롬	오롬			13000	다이어리|플래너|가죽|고급|명품|리필|커버|26년다이어리|26년 다이어리|2026년다이어리	1	62	3000			
3170	북커버 속지 프리폼 미디엄 유선	13000	13000		https://orom.co.kr/product/detail.html?product_no=3170&cate_no=133&display_group=1&cafe_mkt=naver_ks&mkt_in=Y&ghost_mall_id=naver&ref=naver_open	https://orom.co.kr/product/detail.html?product_no=3170&cate_no=133&display_group=1&cafe_mkt=naver_ks	http://orom.co.kr/web/product/medium/202609/505205e5fceb8dd89125248f108cb416_dburl.jpg			다이어리 · 속지					신상품				오롬	오롬			13000	다이어리|플래너|가죽|고급|명품|리필|커버	1	41	3000			
3171	북커버 속지 프리폼 미디엄 슬림유선	10000	10000		https://orom.co.kr/product/detail.html?product_no=3171&cate_no=133&display_group=1&cafe_mkt=naver_ks&mkt_in=Y&ghost_mall_id=naver&ref=naver_open	https://orom.co.kr/product/detail.html?product_no=3171&cate_no=133&display_group=1&cafe_mkt=naver_ks	http://orom.co.kr/web/product/medium/202609/b2c5ed5f44b8a8f1cce315d0dcf91257_dburl.jpg			다이어리 · 속지					신상품				오롬	오롬			10000	다이어리|플래너|가죽|고급|명품|리필|커버	1	56	3000			
3172	북커버 속지 프리폼 미디엄 스키니무선	8000	8000		https://orom.co.kr/product/detail.html?product_no=3172&cate_no=133&display_group=1&cafe_mkt=naver_ks&mkt_in=Y&ghost_mall_id=naver&ref=naver_open	https://orom.co.kr/product/detail.html?product_no=3172&cate_no=133&display_group=1&cafe_mkt=naver_ks	http://orom.co.kr/web/product/medium/202609/d6c298bab6198a80237181120cca1b9a_dburl.png			다이어리 · 속지					신상품				오롬	오롬			8000	다이어리|플래너|가죽|고급|명품|리필|커버	1	5	3000			
3173	27년 북커버 속지 워크플래너 미디엄 스키니먼슬리	8000	8000		https://orom.co.kr/product/detail.html?product_no=3173&cate_no=133&display_group=1&cafe_mkt=naver_ks&mkt_in=Y&ghost_mall_id=naver&ref=naver_open	https://orom.co.kr/product/detail.html?product_no=3173&cate_no=133&display_group=1&cafe_mkt=naver_ks	http://orom.co.kr/web/product/medium/202609/b5406248592a7c19fe2958f4fbf407e2_dburl.jpg			다이어리 · 속지					신상품				오롬	오롬			8000	다이어리|플래너|가죽|고급|명품|리필|커버|26년다이어리|26년 다이어리|2026년다이어리	1	64	3000			
3174	북커버 속지 프리폼 미디엄 스키니유선	8000	8000		https://orom.co.kr/product/detail.html?product_no=3174&cate_no=133&display_group=1&cafe_mkt=naver_ks&mkt_in=Y&ghost_mall_id=naver&ref=naver_open	https://orom.co.kr/product/detail.html?product_no=3174&cate_no=133&display_group=1&cafe_mkt=naver_ks	http://orom.co.kr/web/product/medium/202609/b4487139f13d5687bc12e14576bc7fd0_dburl.jpg			다이어리 · 속지					신상품				오롬	오롬			8000	다이어리|플래너|가죽|고급|명품|리필|커버	1	28	3000			
3175	북커버 속지 프리폼 라지 슬림유선	10000	10000		https://orom.co.kr/product/detail.html?product_no=3175&cate_no=133&display_group=1&cafe_mkt=naver_ks&mkt_in=Y&ghost_mall_id=naver&ref=naver_open	https://orom.co.kr/product/detail.html?product_no=3175&cate_no=133&display_group=1&cafe_mkt=naver_ks	http://orom.co.kr/web/product/medium/202609/9fb3d68dfba45ec0c03079368a3ab20d_dburl.jpg			다이어리 · 속지					신상품				오롬	오롬			10000	다이어리|플래너|가죽|고급|명품|리필|커버	1	52	3000			
3176	27년 북커버 속지 워크플래너 라지 슬림위클리	13000	13000		https://orom.co.kr/product/detail.html?product_no=3176&cate_no=133&display_group=1&cafe_mkt=naver_ks&mkt_in=Y&ghost_mall_id=naver&ref=naver_open	https://orom.co.kr/product/detail.html?product_no=3176&cate_no=133&display_group=1&cafe_mkt=naver_ks	http://orom.co.kr/web/product/medium/202609/3588e9657dd71530db493e4834e73dfd_dburl.jpg			다이어리 · 속지					신상품				오롬	오롬			13000	다이어리|플래너|가죽|고급|명품|리필|커버|26년다이어리|26년 다이어리|2026년다이어리	1	178	3000			
3177	북커버 속지 라지 프리폼 유선	13000	13000		https://orom.co.kr/product/detail.html?product_no=3177&cate_no=171&display_group=1&cafe_mkt=naver_ks&mkt_in=Y&ghost_mall_id=naver&ref=naver_open	https://orom.co.kr/product/detail.html?product_no=3177&cate_no=171&display_group=1&cafe_mkt=naver_ks	http://orom.co.kr/web/product/medium/202609/a919d183dcb20fe0b46fbf925404c2ba_dburl.jpg			다이어리 · 속지	북커버 속지	라지			신상품				오롬	오롬			13000	다이어리|플래너|가죽|고급|명품|리필|커버	1	59	3000			
3178	27년 북커버 속지 워크플래너 라지 스키니먼슬리	8000	8000		https://orom.co.kr/product/detail.html?product_no=3178&cate_no=133&display_group=1&cafe_mkt=naver_ks&mkt_in=Y&ghost_mall_id=naver&ref=naver_open	https://orom.co.kr/product/detail.html?product_no=3178&cate_no=133&display_group=1&cafe_mkt=naver_ks	http://orom.co.kr/web/product/medium/202609/230b9c2e94604667de4d14232559105e_dburl.jpg			다이어리 · 속지					신상품				오롬	오롬			8000	다이어리|플래너|가죽|고급|명품|리필|커버|26년다이어리|26년 다이어리|2026년다이어리	1	53	3000			
3179	북커버 속지 프리폼 라지 스키니유선	8000	8000		https://orom.co.kr/product/detail.html?product_no=3179&cate_no=133&display_group=1&cafe_mkt=naver_ks&mkt_in=Y&ghost_mall_id=naver&ref=naver_open	https://orom.co.kr/product/detail.html?product_no=3179&cate_no=133&display_group=1&cafe_mkt=naver_ks	http://orom.co.kr/web/product/medium/202609/ee5c4f4423007b5864354b68b3e731ac_dburl.jpg			다이어리 · 속지					신상품				오롬	오롬			8000	다이어리|플래너|가죽|고급|명품|리필|커버	1	22	3000			
3180	북커버 속지 프리폼 라지 스키니무선	8000	8000		https://orom.co.kr/product/detail.html?product_no=3180&cate_no=133&display_group=1&cafe_mkt=naver_ks&mkt_in=Y&ghost_mall_id=naver&ref=naver_open	https://orom.co.kr/product/detail.html?product_no=3180&cate_no=133&display_group=1&cafe_mkt=naver_ks	http://orom.co.kr/web/product/medium/202609/89b78042eb5b2bf3452a5cfb3141cba6_dburl.png			다이어리 · 속지					신상품				오롬	오롬			8000	다이어리|플래너|가죽|고급|명품|리필|커버	1	12	3000			
3181	27년 북커버 속지 데스크핏 위클리	16000	16000		https://orom.co.kr/product/detail.html?product_no=3181&cate_no=133&display_group=1&cafe_mkt=naver_ks&mkt_in=Y&ghost_mall_id=naver&ref=naver_open	https://orom.co.kr/product/detail.html?product_no=3181&cate_no=133&display_group=1&cafe_mkt=naver_ks	http://orom.co.kr/web/product/medium/202609/30022f2af266b8d282eb5f0e47c0f810_dburl.png			다이어리 · 속지					신상품				오롬	오롬			16000	다이어리|플래너|가죽|고급|명품|리필|커버|26년다이어리|26년 다이어리|2026년다이어리	1	44	3000			
3182	북커버 속지 프리폼 데스크핏 스키니유선	10000	10000		https://orom.co.kr/product/detail.html?product_no=3182&cate_no=133&display_group=1&cafe_mkt=naver_ks&mkt_in=Y&ghost_mall_id=naver&ref=naver_open	https://orom.co.kr/product/detail.html?product_no=3182&cate_no=133&display_group=1&cafe_mkt=naver_ks	http://orom.co.kr/web/product/medium/202609/6c2c53be1289ec658df02c8932b5e984_dburl.jpg			다이어리 · 속지					신상품				오롬	오롬			10000	다이어리|플래너|가죽|고급|명품|리필|커버	1	3	3000			
3183	북커버 속지 프리폼 데스크핏 유선	15000	15000		https://orom.co.kr/product/detail.html?product_no=3183&cate_no=133&display_group=1&cafe_mkt=naver_ks&mkt_in=Y&ghost_mall_id=naver&ref=naver_open	https://orom.co.kr/product/detail.html?product_no=3183&cate_no=133&display_group=1&cafe_mkt=naver_ks	http://orom.co.kr/web/product/medium/202609/364d8db011475faaaefdd55b84cadf8d_dburl.png			다이어리 · 속지					신상품				오롬	오롬			15000	다이어리|플래너|가죽|고급|명품|리필|커버	1	14	3000			
3184	6공 속지 (소) 전화번호부	3500	3500		https://orom.co.kr/product/detail.html?product_no=3184&cate_no=133&display_group=1&cafe_mkt=naver_ks&mkt_in=Y&ghost_mall_id=naver&ref=naver_open	https://orom.co.kr/product/detail.html?product_no=3184&cate_no=133&display_group=1&cafe_mkt=naver_ks	http://orom.co.kr/web/product/medium/202403/8fa8125efa182e8eb86537ba67958a8d_dburl.jpg			다이어리 · 속지					신상품				오롬	오롬			3500	다이어리|플래너|가죽|고급|명품|양장|연도|만년|6공|시스템	1	6	3000			
3185	6공 속지 (소) 유선노트	3500	3500		https://orom.co.kr/product/detail.html?product_no=3185&cate_no=133&display_group=1&cafe_mkt=naver_ks&mkt_in=Y&ghost_mall_id=naver&ref=naver_open	https://orom.co.kr/product/detail.html?product_no=3185&cate_no=133&display_group=1&cafe_mkt=naver_ks	http://orom.co.kr/web/product/medium/202408/156bc193abf8f30c37d6b6ef7840ca96_dburl.jpg			다이어리 · 속지					신상품				오롬	오롬			3500	다이어리|플래너|가죽|고급|명품|양장|연도|만년|6공|시스템	1	88	3000			
3186	6공 속지 (소) 무선노트	3500	3500		https://orom.co.kr/product/detail.html?product_no=3186&cate_no=133&display_group=1&cafe_mkt=naver_ks&mkt_in=Y&ghost_mall_id=naver&ref=naver_open	https://orom.co.kr/product/detail.html?product_no=3186&cate_no=133&display_group=1&cafe_mkt=naver_ks	http://orom.co.kr/web/product/medium/202403/55432e682a723f9489088cca926ff326_dburl.jpg			다이어리 · 속지					신상품				오롬	오롬			3500	다이어리|플래너|가죽|고급|명품|양장|연도|만년|6공|시스템	1	67	3000			
3187	27년 6공 속지 워크플래너 (소) 먼슬리 단품	4500	4500		https://orom.co.kr/product/detail.html?product_no=3187&cate_no=133&display_group=1&cafe_mkt=naver_ks&mkt_in=Y&ghost_mall_id=naver&ref=naver_open	https://orom.co.kr/product/detail.html?product_no=3187&cate_no=133&display_group=1&cafe_mkt=naver_ks	http://orom.co.kr/web/product/medium/202509/b1c3983dc86a30d6d6caa047f467076c_dburl.jpg			다이어리 · 속지					신상품				오롬	오롬			4500	다이어리|플래너|가죽|고급|명품|양장|연도|만년|6공|시스템	1	90	3000			
3188	6공 속지 (소) 색지노트 유선	3500	3500		https://orom.co.kr/product/detail.html?product_no=3188&cate_no=133&display_group=1&cafe_mkt=naver_ks&mkt_in=Y&ghost_mall_id=naver&ref=naver_open	https://orom.co.kr/product/detail.html?product_no=3188&cate_no=133&display_group=1&cafe_mkt=naver_ks	http://orom.co.kr/web/product/medium/202403/40737e93cb863ea1ee90dc68a4c224b8_dburl.jpg			다이어리 · 속지					신상품				오롬	오롬			3500	다이어리|플래너|가죽|고급|명품|양장|연도|만년|6공|시스템	1	30	3000			
3189	6공 속지 (소) 색지노트 무선	3500	3500		https://orom.co.kr/product/detail.html?product_no=3189&cate_no=133&display_group=1&cafe_mkt=naver_ks&mkt_in=Y&ghost_mall_id=naver&ref=naver_open	https://orom.co.kr/product/detail.html?product_no=3189&cate_no=133&display_group=1&cafe_mkt=naver_ks	http://orom.co.kr/web/product/medium/202403/392c3925b7cd86f448021263dae251ff_dburl.jpg			다이어리 · 속지					신상품				오롬	오롬			3500	다이어리|플래너|가죽|고급|명품|양장|연도|만년|6공|시스템	1	21	3000			
3190	6공 속지 (소) 모눈	3500	3500		https://orom.co.kr/product/detail.html?product_no=3190&cate_no=133&display_group=1&cafe_mkt=naver_ks&mkt_in=Y&ghost_mall_id=naver&ref=naver_open	https://orom.co.kr/product/detail.html?product_no=3190&cate_no=133&display_group=1&cafe_mkt=naver_ks	http://orom.co.kr/web/product/medium/202403/da8e9b91d03a23068af17ff4645c6e98_dburl.jpg			다이어리 · 속지					신상품				오롬	오롬			3500	다이어리|플래너|가죽|고급|명품|양장|연도|만년|6공|시스템	1	30	3000			
3191	6공 속지 (소) 디바이더	2500	2500		https://orom.co.kr/product/detail.html?product_no=3191&cate_no=133&display_group=1&cafe_mkt=naver_ks&mkt_in=Y&ghost_mall_id=naver&ref=naver_open	https://orom.co.kr/product/detail.html?product_no=3191&cate_no=133&display_group=1&cafe_mkt=naver_ks	http://orom.co.kr/web/product/medium/202605/d1a6ab698ab76999c3fa561ff2f1d53f_dburl.jpg			다이어리 · 속지					신상품				오롬	오롬			2500	다이어리|플래너|가죽|고급|명품|양장|연도|만년|6공|시스템	1	21	3000			
3192	6공 속지 (소) 지퍼파우치	3000	3000		https://orom.co.kr/product/detail.html?product_no=3192&cate_no=133&display_group=1&cafe_mkt=naver_ks&mkt_in=Y&ghost_mall_id=naver&ref=naver_open	https://orom.co.kr/product/detail.html?product_no=3192&cate_no=133&display_group=1&cafe_mkt=naver_ks	http://orom.co.kr/web/product/medium/202403/9407e71ecf9b5ead579625e91b14f61a_dburl.jpg			다이어리 · 속지					신상품				오롬	오롬			3000	다이어리|플래너|가죽|고급|명품|양장|연도|만년|6공|시스템	1	61	3000			
3193	6공 속지 (소) 눈금자	2000	2000		https://orom.co.kr/product/detail.html?product_no=3193&cate_no=133&display_group=1&cafe_mkt=naver_ks&mkt_in=Y&ghost_mall_id=naver&ref=naver_open	https://orom.co.kr/product/detail.html?product_no=3193&cate_no=133&display_group=1&cafe_mkt=naver_ks	http://orom.co.kr/web/product/medium/202403/4c9d579783207cd39c83d9d4da7c1b61_dburl.jpg			다이어리 · 속지					신상품				오롬	오롬			2000	다이어리|플래너|가죽|고급|명품|양장|연도|만년|6공|시스템	1	22	3000			
3194	6공 속지 (소) 가계부	3500	3500		https://orom.co.kr/product/detail.html?product_no=3194&cate_no=133&display_group=1&cafe_mkt=naver_ks&mkt_in=Y&ghost_mall_id=naver&ref=naver_open	https://orom.co.kr/product/detail.html?product_no=3194&cate_no=133&display_group=1&cafe_mkt=naver_ks	http://orom.co.kr/web/product/medium/202403/c91da4461dd7da383ea3ec092749405f_dburl.jpg			다이어리 · 속지					신상품				오롬	오롬			3500	다이어리|플래너|가죽|고급|명품|양장|연도|만년|6공|시스템	1	39	3000			
3195	[세트] 27년 6공 속지 워크플래너 (소) 위클리	12500	12500		https://orom.co.kr/product/detail.html?product_no=3195&cate_no=133&display_group=1&cafe_mkt=naver_ks&mkt_in=Y&ghost_mall_id=naver&ref=naver_open	https://orom.co.kr/product/detail.html?product_no=3195&cate_no=133&display_group=1&cafe_mkt=naver_ks	http://orom.co.kr/web/product/medium/202609/fa1a33bac496361f3a15d063eafafaac_dburl.jpg			다이어리 · 속지					신상품				오롬	오롬			12500	다이어리|플래너|가죽|고급|명품|양장|연도|만년|6공|시스템	1	223	3000			
3196	[세트] 27년 6공 속지 워크플래너 (소) 먼슬리	11000	11000		https://orom.co.kr/product/detail.html?product_no=3196&cate_no=133&display_group=1&cafe_mkt=naver_ks&mkt_in=Y&ghost_mall_id=naver&ref=naver_open	https://orom.co.kr/product/detail.html?product_no=3196&cate_no=133&display_group=1&cafe_mkt=naver_ks	http://orom.co.kr/web/product/medium/202609/f3ce47c82e0cd5ee8aba88393aed739c_dburl.jpg			다이어리 · 속지					신상품				오롬	오롬			11000	다이어리|플래너|가죽|고급|명품|양장|연도|만년|6공|시스템	1	145	3000			
3197	6공 속지 (포켓) 유선노트	4500	4500		https://orom.co.kr/product/detail.html?product_no=3197&cate_no=133&display_group=1&cafe_mkt=naver_ks&mkt_in=Y&ghost_mall_id=naver&ref=naver_open	https://orom.co.kr/product/detail.html?product_no=3197&cate_no=133&display_group=1&cafe_mkt=naver_ks	http://orom.co.kr/web/product/medium/202309/7b208002e74a951fab0353c25eab71cc_dburl.jpg			다이어리 · 속지					신상품				오롬	오롬			4500	다이어리|플래너|가죽|고급|명품|양장|연도|만년|6공|시스템	1	45	3000			
3198	6공 속지 (포켓) 색지노트 무선	4500	4500		https://orom.co.kr/product/detail.html?product_no=3198&cate_no=133&display_group=1&cafe_mkt=naver_ks&mkt_in=Y&ghost_mall_id=naver&ref=naver_open	https://orom.co.kr/product/detail.html?product_no=3198&cate_no=133&display_group=1&cafe_mkt=naver_ks	http://orom.co.kr/web/product/medium/202401/d9ea2b81cab93a27ac965df3211ee449_dburl.jpg			다이어리 · 속지					신상품				오롬	오롬			4500	다이어리|플래너|가죽|고급|명품|양장|연도|만년|6공|시스템	1	7	3000			
3199	27년 6공 속지 워크플래너 (포켓) 먼슬리 단품	7000	7000		https://orom.co.kr/product/detail.html?product_no=3199&cate_no=133&display_group=1&cafe_mkt=naver_ks&mkt_in=Y&ghost_mall_id=naver&ref=naver_open	https://orom.co.kr/product/detail.html?product_no=3199&cate_no=133&display_group=1&cafe_mkt=naver_ks	http://orom.co.kr/web/product/medium/202509/e6ca2be6fcac6708b2cb7fe0743b2ef1_dburl.jpg			다이어리 · 속지					신상품				오롬	오롬			7000	다이어리|플래너|가죽|고급|명품|양장|연도|만년|6공|시스템	1	19	3000			
3200	6공 속지 (포켓) 무선노트	4000	4000		https://orom.co.kr/product/detail.html?product_no=3200&cate_no=133&display_group=1&cafe_mkt=naver_ks&mkt_in=Y&ghost_mall_id=naver&ref=naver_open	https://orom.co.kr/product/detail.html?product_no=3200&cate_no=133&display_group=1&cafe_mkt=naver_ks	http://orom.co.kr/web/product/medium/202309/145d321cde3348fe5dc762fde43b0f8a_dburl.jpg			다이어리 · 속지					신상품				오롬	오롬			4000	다이어리|플래너|가죽|고급|명품|양장|연도|만년|6공|시스템	1	26	3000			
3201	6공 속지 (포켓) 전화번호부	4500	4500		https://orom.co.kr/product/detail.html?product_no=3201&cate_no=133&display_group=1&cafe_mkt=naver_ks&mkt_in=Y&ghost_mall_id=naver&ref=naver_open	https://orom.co.kr/product/detail.html?product_no=3201&cate_no=133&display_group=1&cafe_mkt=naver_ks	http://orom.co.kr/web/product/medium/202309/e1b064e1fc03d6376426a8303c72b8be_dburl.jpg			다이어리 · 속지					신상품				오롬	오롬			4500	다이어리|플래너|가죽|고급|명품|양장|연도|만년|6공|시스템	1	2	3000			
3202	6공 속지 (포켓) 모눈	4500	4500		https://orom.co.kr/product/detail.html?product_no=3202&cate_no=133&display_group=1&cafe_mkt=naver_ks&mkt_in=Y&ghost_mall_id=naver&ref=naver_open	https://orom.co.kr/product/detail.html?product_no=3202&cate_no=133&display_group=1&cafe_mkt=naver_ks	http://orom.co.kr/web/product/medium/202309/7331d043f0bb1070c28184e6a7a82ad1_dburl.jpg			다이어리 · 속지					신상품				오롬	오롬			4500	다이어리|플래너|가죽|고급|명품|양장|연도|만년|6공|시스템	1	9	3000			
3203	6공 속지 (포켓) 디바이더	2500	2500		https://orom.co.kr/product/detail.html?product_no=3203&cate_no=133&display_group=1&cafe_mkt=naver_ks&mkt_in=Y&ghost_mall_id=naver&ref=naver_open	https://orom.co.kr/product/detail.html?product_no=3203&cate_no=133&display_group=1&cafe_mkt=naver_ks	http://orom.co.kr/web/product/medium/202605/c1c97d9ae53b0b742d75ebe86bf66207_dburl.jpg			다이어리 · 속지					신상품				오롬	오롬			2500	다이어리|플래너|가죽|고급|명품|양장|연도|만년|6공|시스템	1	8	3000			
3204	6공 속지 (포켓) 색지노트 유선	4500	4500		https://orom.co.kr/product/detail.html?product_no=3204&cate_no=133&display_group=1&cafe_mkt=naver_ks&mkt_in=Y&ghost_mall_id=naver&ref=naver_open	https://orom.co.kr/product/detail.html?product_no=3204&cate_no=133&display_group=1&cafe_mkt=naver_ks	http://orom.co.kr/web/product/medium/202401/7bd38d0dcaddf1d1143af938eb0b63bb_dburl.jpg			다이어리 · 속지					신상품				오롬	오롬			4500	다이어리|플래너|가죽|고급|명품|양장|연도|만년|6공|시스템	1	12	3000			
3205	6공 속지 (포켓) 명함홀더	4000	4000		https://orom.co.kr/product/detail.html?product_no=3205&cate_no=133&display_group=1&cafe_mkt=naver_ks&mkt_in=Y&ghost_mall_id=naver&ref=naver_open	https://orom.co.kr/product/detail.html?product_no=3205&cate_no=133&display_group=1&cafe_mkt=naver_ks	http://orom.co.kr/web/product/medium/202309/55038236d1e889e419df4b14c0fa9317_dburl.jpg			다이어리 · 속지					신상품				오롬	오롬			4000	다이어리|플래너|가죽|고급|명품|양장|연도|만년|6공|시스템	1	8	3000			
3206	6공 속지 (포켓) 보호커버	3000	3000		https://orom.co.kr/product/detail.html?product_no=3206&cate_no=133&display_group=1&cafe_mkt=naver_ks&mkt_in=Y&ghost_mall_id=naver&ref=naver_open	https://orom.co.kr/product/detail.html?product_no=3206&cate_no=133&display_group=1&cafe_mkt=naver_ks	http://orom.co.kr/web/product/medium/202309/05dcdbceac2edb7c04b8f59738159687_dburl.jpg			다이어리 · 속지					신상품				오롬	오롬			3000	다이어리|플래너|가죽|고급|명품|양장|연도|만년|6공|시스템	1	8	3000			
3207	6공 속지 (포켓) 지퍼파우치	3000	3000		https://orom.co.kr/product/detail.html?product_no=3207&cate_no=133&display_group=1&cafe_mkt=naver_ks&mkt_in=Y&ghost_mall_id=naver&ref=naver_open	https://orom.co.kr/product/detail.html?product_no=3207&cate_no=133&display_group=1&cafe_mkt=naver_ks	http://orom.co.kr/web/product/medium/202309/cdebb5e514938ca96e20ef8b38028fed_dburl.jpg			다이어리 · 속지					신상품				오롬	오롬			3000	다이어리|플래너|가죽|고급|명품|양장|연도|만년|6공|시스템	1	13	3000			
3208	6공 속지 (포켓) 가계부	4500	4500		https://orom.co.kr/product/detail.html?product_no=3208&cate_no=133&display_group=1&cafe_mkt=naver_ks&mkt_in=Y&ghost_mall_id=naver&ref=naver_open	https://orom.co.kr/product/detail.html?product_no=3208&cate_no=133&display_group=1&cafe_mkt=naver_ks	http://orom.co.kr/web/product/medium/202403/2ad59b8457a0b0eeffba1cafcf876663_dburl.jpg			다이어리 · 속지					신상품				오롬	오롬			4500	다이어리|플래너|가죽|고급|명품|양장|연도|만년|6공|시스템	1	7	3000			
3209	[세트] 27년 6공 속지 워크플래너 (포켓) 먼슬리	12000	12000		https://orom.co.kr/product/detail.html?product_no=3209&cate_no=133&display_group=1&cafe_mkt=naver_ks&mkt_in=Y&ghost_mall_id=naver&ref=naver_open	https://orom.co.kr/product/detail.html?product_no=3209&cate_no=133&display_group=1&cafe_mkt=naver_ks	http://orom.co.kr/web/product/medium/202609/ddae1b1878a06600edfa937ab959f642_dburl.jpg			다이어리 · 속지					신상품				오롬	오롬			12000	다이어리|플래너|가죽|고급|명품|양장|연도|만년|6공|시스템	1	42	3000			
3210	6공 속지 (중) 유선노트	4500	4500		https://orom.co.kr/product/detail.html?product_no=3210&cate_no=133&display_group=1&cafe_mkt=naver_ks&mkt_in=Y&ghost_mall_id=naver&ref=naver_open	https://orom.co.kr/product/detail.html?product_no=3210&cate_no=133&display_group=1&cafe_mkt=naver_ks	http://orom.co.kr/web/product/medium/202309/2eadae9f1da65634013fe902b52d73c1_dburl.jpg			다이어리 · 속지					신상품				오롬	오롬			4500	다이어리|플래너|가죽|고급|명품|양장|연도|만년|6공|시스템	1	102	3000			
3211	6공 속지 (중) 무선노트	4000	4000		https://orom.co.kr/product/detail.html?product_no=3211&cate_no=133&display_group=1&cafe_mkt=naver_ks&mkt_in=Y&ghost_mall_id=naver&ref=naver_open	https://orom.co.kr/product/detail.html?product_no=3211&cate_no=133&display_group=1&cafe_mkt=naver_ks	http://orom.co.kr/web/product/medium/202309/3bb167770065ebaaf63dfe6b19af2b09_dburl.jpg			다이어리 · 속지					신상품				오롬	오롬			4000	다이어리|플래너|가죽|고급|명품|양장|연도|만년|6공|시스템	1	35	3000			
3212	6공 속지 (중, 포켓) 눈금자	2000	2000		https://orom.co.kr/product/detail.html?product_no=3212&cate_no=133&display_group=1&cafe_mkt=naver_ks&mkt_in=Y&ghost_mall_id=naver&ref=naver_open	https://orom.co.kr/product/detail.html?product_no=3212&cate_no=133&display_group=1&cafe_mkt=naver_ks	http://orom.co.kr/web/product/medium/202309/d467affd3bf02f6d2105e5413b102e9d_dburl.jpg			다이어리 · 속지					신상품				오롬	오롬			2000	다이어리|플래너|가죽|고급|명품|양장|연도|만년|6공|시스템	1	21	3000			
3213	6공 속지 (중) 가계부	4500	4500		https://orom.co.kr/product/detail.html?product_no=3213&cate_no=133&display_group=1&cafe_mkt=naver_ks&mkt_in=Y&ghost_mall_id=naver&ref=naver_open	https://orom.co.kr/product/detail.html?product_no=3213&cate_no=133&display_group=1&cafe_mkt=naver_ks	http://orom.co.kr/web/product/medium/202309/85197854cee6ed717149245648b32513_dburl.jpg			다이어리 · 속지					신상품				오롬	오롬			4500	다이어리|플래너|가죽|고급|명품|양장|연도|만년|6공|시스템	1	20	3000			
3214	6공 속지 (중) 모눈	4500	4500		https://orom.co.kr/product/detail.html?product_no=3214&cate_no=133&display_group=1&cafe_mkt=naver_ks&mkt_in=Y&ghost_mall_id=naver&ref=naver_open	https://orom.co.kr/product/detail.html?product_no=3214&cate_no=133&display_group=1&cafe_mkt=naver_ks	http://orom.co.kr/web/product/medium/202309/09aadc6ac9a684286396c4b52de0e136_dburl.jpg			다이어리 · 속지					신상품				오롬	오롬			4500	다이어리|플래너|가죽|고급|명품|양장|연도|만년|6공|시스템	1	30	3000			
3215	6공 속지 (중) 전화번호부	4500	4500		https://orom.co.kr/product/detail.html?product_no=3215&cate_no=133&display_group=1&cafe_mkt=naver_ks&mkt_in=Y&ghost_mall_id=naver&ref=naver_open	https://orom.co.kr/product/detail.html?product_no=3215&cate_no=133&display_group=1&cafe_mkt=naver_ks	http://orom.co.kr/web/product/medium/202309/a012abac5ed1bef248e5b6a78fbe604f_dburl.jpg			다이어리 · 속지					신상품				오롬	오롬			4500	다이어리|플래너|가죽|고급|명품|양장|연도|만년|6공|시스템	1	4	3000			
3216	6공 속지 (중) 색지노트 유선	4500	4500		https://orom.co.kr/product/detail.html?product_no=3216&cate_no=133&display_group=1&cafe_mkt=naver_ks&mkt_in=Y&ghost_mall_id=naver&ref=naver_open	https://orom.co.kr/product/detail.html?product_no=3216&cate_no=133&display_group=1&cafe_mkt=naver_ks	http://orom.co.kr/web/product/medium/202401/e25c2b4378c3915b693780dc2ecd1fe6_dburl.jpg			다이어리 · 속지					신상품				오롬	오롬			4500	다이어리|플래너|가죽|고급|명품|양장|연도|만년|6공|시스템	1	16	3000			
3217	6공 속지 (중) 색지노트 무선	4500	4500		https://orom.co.kr/product/detail.html?product_no=3217&cate_no=133&display_group=1&cafe_mkt=naver_ks&mkt_in=Y&ghost_mall_id=naver&ref=naver_open	https://orom.co.kr/product/detail.html?product_no=3217&cate_no=133&display_group=1&cafe_mkt=naver_ks	http://orom.co.kr/web/product/medium/202401/40591616b16d9a627fdca8bcb1629ea2_dburl.jpg			다이어리 · 속지					신상품				오롬	오롬			4500	다이어리|플래너|가죽|고급|명품|양장|연도|만년|6공|시스템	1	4	3000			
3218	6공 속지 (중) 명함홀더	3000	3000		https://orom.co.kr/product/detail.html?product_no=3218&cate_no=133&display_group=1&cafe_mkt=naver_ks&mkt_in=Y&ghost_mall_id=naver&ref=naver_open	https://orom.co.kr/product/detail.html?product_no=3218&cate_no=133&display_group=1&cafe_mkt=naver_ks	http://orom.co.kr/web/product/medium/202309/ce30b22bb5eb5e6b299063355f0b5939_dburl.jpg			다이어리 · 속지					신상품				오롬	오롬			3000	다이어리|플래너|가죽|고급|명품|양장|연도|만년|6공|시스템	1	17	3000			
3219	6공 속지 (중) 보호커버	3000	3000		https://orom.co.kr/product/detail.html?product_no=3219&cate_no=133&display_group=1&cafe_mkt=naver_ks&mkt_in=Y&ghost_mall_id=naver&ref=naver_open	https://orom.co.kr/product/detail.html?product_no=3219&cate_no=133&display_group=1&cafe_mkt=naver_ks	http://orom.co.kr/web/product/medium/202309/b9f44535a3ffaeaf0ff9e070abbb9328_dburl.jpg			다이어리 · 속지					신상품				오롬	오롬			3000	다이어리|플래너|가죽|고급|명품|양장|연도|만년|6공|시스템	1	22	3000			
3220	6공 속지 (중) 지퍼파우치	3000	3000		https://orom.co.kr/product/detail.html?product_no=3220&cate_no=133&display_group=1&cafe_mkt=naver_ks&mkt_in=Y&ghost_mall_id=naver&ref=naver_open	https://orom.co.kr/product/detail.html?product_no=3220&cate_no=133&display_group=1&cafe_mkt=naver_ks	http://orom.co.kr/web/product/medium/202309/aca2401ae5ba47b164490621ab113266_dburl.jpg			다이어리 · 속지					신상품				오롬	오롬			3000	다이어리|플래너|가죽|고급|명품|양장|연도|만년|6공|시스템	1	25	3000			
3222	[세트] 27년 6공 속지 라이프로그 (중) 데일리 1일1면	27000	27000		https://orom.co.kr/product/detail.html?product_no=3222&cate_no=133&display_group=1&cafe_mkt=naver_ks&mkt_in=Y&ghost_mall_id=naver&ref=naver_open	https://orom.co.kr/product/detail.html?product_no=3222&cate_no=133&display_group=1&cafe_mkt=naver_ks	http://orom.co.kr/web/product/medium/202609/738ce6bda2973b16625684ebe841343b_dburl.jpg			다이어리 · 속지					신상품				오롬	오롬			27000	다이어리|플래너|가죽|고급|명품|양장|연도|만년|6공|시스템	1	63	3000			
3223	[세트] 27년 6공 속지 워크플래너 (중) 먼슬리	12500	12500		https://orom.co.kr/product/detail.html?product_no=3223&cate_no=133&display_group=1&cafe_mkt=naver_ks&mkt_in=Y&ghost_mall_id=naver&ref=naver_open	https://orom.co.kr/product/detail.html?product_no=3223&cate_no=133&display_group=1&cafe_mkt=naver_ks	http://orom.co.kr/web/product/medium/202609/2e13c3c4e3c383825ab13220f20c9510_dburl.jpg			다이어리 · 속지					신상품				오롬	오롬			12500	다이어리|플래너|가죽|고급|명품|양장|연도|만년|6공|시스템	1	79	3000			
3224	27년 6공 속지 워크플래너 (중) 위클리 1주2면 단품	8000	8000		https://orom.co.kr/product/detail.html?product_no=3224&cate_no=133&display_group=1&cafe_mkt=naver_ks&mkt_in=Y&ghost_mall_id=naver&ref=naver_open	https://orom.co.kr/product/detail.html?product_no=3224&cate_no=133&display_group=1&cafe_mkt=naver_ks	http://orom.co.kr/web/product/medium/202509/6c551dc068ccaa11211f3352978a47a5_dburl.jpg			다이어리 · 속지					신상품				오롬	오롬			8000	다이어리|플래너|가죽|고급|명품|양장|연도|만년|6공|시스템	1	25	3000			
3225	6공 속지 (중) 디바이더	2500	2500		https://orom.co.kr/product/detail.html?product_no=3225&cate_no=133&display_group=1&cafe_mkt=naver_ks&mkt_in=Y&ghost_mall_id=naver&ref=naver_open	https://orom.co.kr/product/detail.html?product_no=3225&cate_no=133&display_group=1&cafe_mkt=naver_ks	http://orom.co.kr/web/product/medium/202605/90f09f2c74c5e69467827b3f5c0789b9_dburl.jpg			다이어리 · 속지					신상품				오롬	오롬			2500	다이어리|플래너|가죽|고급|명품|양장|연도|만년|6공|시스템	1	14	3000			
3226	27년 6공 속지 워크플래너 (중) 먼슬리 단품	7000	7000		https://orom.co.kr/product/detail.html?product_no=3226&cate_no=133&display_group=1&cafe_mkt=naver_ks&mkt_in=Y&ghost_mall_id=naver&ref=naver_open	https://orom.co.kr/product/detail.html?product_no=3226&cate_no=133&display_group=1&cafe_mkt=naver_ks	http://orom.co.kr/web/product/medium/202509/528a2737c305a99f9508700034f7e900_dburl.jpg			다이어리 · 속지					신상품				오롬	오롬			7000	다이어리|플래너|가죽|고급|명품|양장|연도|만년|6공|시스템	1	87	3000			
3227	6공 속지 (대) 유선노트	4500	4500		https://orom.co.kr/product/detail.html?product_no=3227&cate_no=133&display_group=1&cafe_mkt=naver_ks&mkt_in=Y&ghost_mall_id=naver&ref=naver_open	https://orom.co.kr/product/detail.html?product_no=3227&cate_no=133&display_group=1&cafe_mkt=naver_ks	http://orom.co.kr/web/product/medium/202506/457172fba83bf507490ec06316f2899b_dburl.jpg			다이어리 · 속지					신상품				오롬	오롬			4500	다이어리|플래너|가죽|고급|명품|양장|연도|만년|6공|시스템	1	114	3000			
3228	27년 6공 속지 워크플래너 (대) 먼슬리 단품	7000	7000		https://orom.co.kr/product/detail.html?product_no=3228&cate_no=133&display_group=1&cafe_mkt=naver_ks&mkt_in=Y&ghost_mall_id=naver&ref=naver_open	https://orom.co.kr/product/detail.html?product_no=3228&cate_no=133&display_group=1&cafe_mkt=naver_ks	http://orom.co.kr/web/product/medium/202509/3044cfa3fe10b53f7199e95f745e4754_dburl.jpg			다이어리 · 속지					신상품				오롬	오롬			7000	다이어리|플래너|가죽|고급|명품|양장|연도|만년|6공|시스템	1	69	3000			
3229	6공 속지 (대) 무선노트	4000	4000		https://orom.co.kr/product/detail.html?product_no=3229&cate_no=133&display_group=1&cafe_mkt=naver_ks&mkt_in=Y&ghost_mall_id=naver&ref=naver_open	https://orom.co.kr/product/detail.html?product_no=3229&cate_no=133&display_group=1&cafe_mkt=naver_ks	http://orom.co.kr/web/product/medium/202308/8f8b7c0bee2f772d318806a3ccde8701_dburl.jpg			다이어리 · 속지					신상품				오롬	오롬			4000	다이어리|플래너|가죽|고급|명품|양장|연도|만년|6공|시스템	1	26	3000			
3230	6공 속지 (대) 모눈	4500	4500		https://orom.co.kr/product/detail.html?product_no=3230&cate_no=133&display_group=1&cafe_mkt=naver_ks&mkt_in=Y&ghost_mall_id=naver&ref=naver_open	https://orom.co.kr/product/detail.html?product_no=3230&cate_no=133&display_group=1&cafe_mkt=naver_ks	http://orom.co.kr/web/product/medium/202309/991168456afd0706abf730500a175d3d_dburl.jpg			다이어리 · 속지					신상품				오롬	오롬			4500	다이어리|플래너|가죽|고급|명품|양장|연도|만년|6공|시스템	1	19	3000			
3231	6공 속지 (대) 눈금자	2000	2000		https://orom.co.kr/product/detail.html?product_no=3231&cate_no=133&display_group=1&cafe_mkt=naver_ks&mkt_in=Y&ghost_mall_id=naver&ref=naver_open	https://orom.co.kr/product/detail.html?product_no=3231&cate_no=133&display_group=1&cafe_mkt=naver_ks	http://orom.co.kr/web/product/medium/202308/a1fec61586f1ba45d52c1b640d28c001_dburl.jpg			다이어리 · 속지					신상품				오롬	오롬			2000	다이어리|플래너|가죽|고급|명품|양장|연도|만년|6공|시스템	1	25	3000			
3232	6공 속지 (대) 색지노트 유선	4500	4500		https://orom.co.kr/product/detail.html?product_no=3232&cate_no=133&display_group=1&cafe_mkt=naver_ks&mkt_in=Y&ghost_mall_id=naver&ref=naver_open	https://orom.co.kr/product/detail.html?product_no=3232&cate_no=133&display_group=1&cafe_mkt=naver_ks	http://orom.co.kr/web/product/medium/202401/04c8e4f781d1cfbdaded0db9bb973cf1_dburl.jpg			다이어리 · 속지					신상품				오롬	오롬			4500	다이어리|플래너|가죽|고급|명품|양장|연도|만년|6공|시스템	1	33	3000			
3233	6공 속지 (대) 명함홀더	3000	3000		https://orom.co.kr/product/detail.html?product_no=3233&cate_no=133&display_group=1&cafe_mkt=naver_ks&mkt_in=Y&ghost_mall_id=naver&ref=naver_open	https://orom.co.kr/product/detail.html?product_no=3233&cate_no=133&display_group=1&cafe_mkt=naver_ks	http://orom.co.kr/web/product/medium/202309/63ecf0f79bc35727818d5654c9d05542_dburl.jpg			다이어리 · 속지					신상품				오롬	오롬			3000	다이어리|플래너|가죽|고급|명품|양장|연도|만년|6공|시스템	1	16	3000			
3234	27년 6공 속지 워크플래너 (대) 위클리 1주2면 단품	8000	8000		https://orom.co.kr/product/detail.html?product_no=3234&cate_no=133&display_group=1&cafe_mkt=naver_ks&mkt_in=Y&ghost_mall_id=naver&ref=naver_open	https://orom.co.kr/product/detail.html?product_no=3234&cate_no=133&display_group=1&cafe_mkt=naver_ks	http://orom.co.kr/web/product/medium/202509/47ae1ab3ad2315c1fd2c501f2ebfbc8f_dburl.jpg			다이어리 · 속지					신상품				오롬	오롬			8000	다이어리|플래너|가죽|고급|명품|양장|연도|만년|6공|시스템	1	37	3000			
3235	6공 속지 (대) 디바이더	2500	2500		https://orom.co.kr/product/detail.html?product_no=3235&cate_no=133&display_group=1&cafe_mkt=naver_ks&mkt_in=Y&ghost_mall_id=naver&ref=naver_open	https://orom.co.kr/product/detail.html?product_no=3235&cate_no=133&display_group=1&cafe_mkt=naver_ks	http://orom.co.kr/web/product/medium/202605/34da2ad61294f38e573a59459badda2c_dburl.jpg			다이어리 · 속지					신상품				오롬	오롬			2500	다이어리|플래너|가죽|고급|명품|양장|연도|만년|6공|시스템	1	19	3000			
3236	6공 속지 (대) 보호커버	3000	3000		https://orom.co.kr/product/detail.html?product_no=3236&cate_no=133&display_group=1&cafe_mkt=naver_ks&mkt_in=Y&ghost_mall_id=naver&ref=naver_open	https://orom.co.kr/product/detail.html?product_no=3236&cate_no=133&display_group=1&cafe_mkt=naver_ks	http://orom.co.kr/web/product/medium/202309/1f0330b2b7e20cafdfc5df49dd9f1000_dburl.jpg			다이어리 · 속지					신상품				오롬	오롬			3000	다이어리|플래너|가죽|고급|명품|양장|연도|만년|6공|시스템	1	16	3000			
3237	6공 속지 (대) 전화번호부	4500	4500		https://orom.co.kr/product/detail.html?product_no=3237&cate_no=133&display_group=1&cafe_mkt=naver_ks&mkt_in=Y&ghost_mall_id=naver&ref=naver_open	https://orom.co.kr/product/detail.html?product_no=3237&cate_no=133&display_group=1&cafe_mkt=naver_ks	http://orom.co.kr/web/product/medium/202309/5be78a0d9327628883aee0a1ff1bbc6e_dburl.jpg			다이어리 · 속지					신상품				오롬	오롬			4500	다이어리|플래너|가죽|고급|명품|양장|연도|만년|6공|시스템	1	5	3000			
3238	6공 속지 (대) 색지노트 무선	4500	4500		https://orom.co.kr/product/detail.html?product_no=3238&cate_no=133&display_group=1&cafe_mkt=naver_ks&mkt_in=Y&ghost_mall_id=naver&ref=naver_open	https://orom.co.kr/product/detail.html?product_no=3238&cate_no=133&display_group=1&cafe_mkt=naver_ks	http://orom.co.kr/web/product/medium/202309/03859b8920f0a20bb949fb518353f146_dburl.jpg			다이어리 · 속지					신상품				오롬	오롬			4500	다이어리|플래너|가죽|고급|명품|양장|연도|만년|6공|시스템	1	12	3000			
3239	6공 속지 (대) 가계부	4500	4500		https://orom.co.kr/product/detail.html?product_no=3239&cate_no=133&display_group=1&cafe_mkt=naver_ks&mkt_in=Y&ghost_mall_id=naver&ref=naver_open	https://orom.co.kr/product/detail.html?product_no=3239&cate_no=133&display_group=1&cafe_mkt=naver_ks	http://orom.co.kr/web/product/medium/202403/34416523be50ec9749e0b9b7374768da_dburl.jpg			다이어리 · 속지					신상품				오롬	오롬			4500	다이어리|플래너|가죽|고급|명품|양장|연도|만년|6공|시스템	1	8	3000			
3240	6공 속지 (대) 지퍼파우치	3000	3000		https://orom.co.kr/product/detail.html?product_no=3240&cate_no=133&display_group=1&cafe_mkt=naver_ks&mkt_in=Y&ghost_mall_id=naver&ref=naver_open	https://orom.co.kr/product/detail.html?product_no=3240&cate_no=133&display_group=1&cafe_mkt=naver_ks	http://orom.co.kr/web/product/medium/202309/b162823de9535daa3bef75fdc2196cf1_dburl.jpg			다이어리 · 속지					신상품				오롬	오롬			3000	다이어리|플래너|가죽|고급|명품|양장|연도|만년|6공|시스템	1	16	3000			
3242	[세트] 27년 6공 속지 라이프로그 (대) 데일리 1일1면	27000	27000		https://orom.co.kr/product/detail.html?product_no=3242&cate_no=133&display_group=1&cafe_mkt=naver_ks&mkt_in=Y&ghost_mall_id=naver&ref=naver_open	https://orom.co.kr/product/detail.html?product_no=3242&cate_no=133&display_group=1&cafe_mkt=naver_ks	http://orom.co.kr/web/product/medium/202609/742b452988cdb7a51fc9873a1599c90a_dburl.jpg			다이어리 · 속지					신상품				오롬	오롬			27000	다이어리|플래너|가죽|고급|명품|양장|연도|만년|6공|시스템	1	87	3000			
3243	[세트] 27년 6공 속지 워크플래너 (대) 먼슬리 노트	12500	12500		https://orom.co.kr/product/detail.html?product_no=3243&cate_no=133&display_group=1&cafe_mkt=naver_ks&mkt_in=Y&ghost_mall_id=naver&ref=naver_open	https://orom.co.kr/product/detail.html?product_no=3243&cate_no=133&display_group=1&cafe_mkt=naver_ks	http://orom.co.kr/web/product/medium/202609/d6bd645ab96fe12ed042c72197db3e3c_dburl.jpg			다이어리 · 속지					신상품				오롬	오롬			12500	다이어리|플래너|가죽|고급|명품|양장|연도|만년|6공|시스템	1	74	3000			
3244	북커버 숏포켓 수납형	98000	98000		https://orom.co.kr/product/detail.html?product_no=3244&cate_no=133&display_group=1&cafe_mkt=naver_ks&mkt_in=Y&ghost_mall_id=naver&ref=naver_open	https://orom.co.kr/product/detail.html?product_no=3244&cate_no=133&display_group=1&cafe_mkt=naver_ks	http://orom.co.kr/web/product/medium/202411/5d45760246b8f694844fab556e922ec2_dburl.jpg			다이어리 · 속지					신상품				오롬	오롬			98000	다이어리|플래너|가죽|고급|명품|리필|커버	1	10	0			
3247	북커버 숏포켓 엘크	90000	90000		https://orom.co.kr/product/detail.html?product_no=3247&cate_no=133&display_group=1&cafe_mkt=naver_ks&mkt_in=Y&ghost_mall_id=naver&ref=naver_open	https://orom.co.kr/product/detail.html?product_no=3247&cate_no=133&display_group=1&cafe_mkt=naver_ks	http://orom.co.kr/web/product/medium/202311/1fa67d993ad35fa10f9c27822e12035f_dburl.jpg			다이어리 · 속지					신상품				오롬	오롬			90000	다이어리|플래너|가죽|고급|명품|리필|커버	1	9	0			
3248	북커버 숏포켓 메탈포인트	68000	68000		https://orom.co.kr/product/detail.html?product_no=3248&cate_no=133&display_group=1&cafe_mkt=naver_ks&mkt_in=Y&ghost_mall_id=naver&ref=naver_open	https://orom.co.kr/product/detail.html?product_no=3248&cate_no=133&display_group=1&cafe_mkt=naver_ks	http://orom.co.kr/web/product/medium/202308/8b4acb55d93905b0c69a72b24899edd7_dburl.jpg			다이어리 · 속지					신상품				오롬	오롬			68000	다이어리|플래너|가죽|고급|명품|리필|커버	1	6	0			
3249	북커버 롱포켓 수납형	115000	115000		https://orom.co.kr/product/detail.html?product_no=3249&cate_no=133&display_group=1&cafe_mkt=naver_ks&mkt_in=Y&ghost_mall_id=naver&ref=naver_open	https://orom.co.kr/product/detail.html?product_no=3249&cate_no=133&display_group=1&cafe_mkt=naver_ks	http://orom.co.kr/web/product/medium/202411/2202202d0449c8b9a7e79022d75611f4_dburl.jpg			다이어리 · 속지					신상품				오롬	오롬			115000	다이어리|플래너|가죽|고급|명품|리필|커버	1	18	0			
3250	북커버 롱포켓 재생크로커	55000	55000		https://orom.co.kr/product/detail.html?product_no=3250&cate_no=133&display_group=1&cafe_mkt=naver_ks&mkt_in=Y&ghost_mall_id=naver&ref=naver_open	https://orom.co.kr/product/detail.html?product_no=3250&cate_no=133&display_group=1&cafe_mkt=naver_ks	http://orom.co.kr/web/product/medium/202308/ee29665c14243a3d299523c42ee28a60_dburl.jpg			다이어리 · 속지					신상품				오롬	오롬			55000	다이어리|플래너|가죽|고급|명품|리필|커버	1	9	0			
3251	북커버 롱포켓 메탈포인트	80000	80000		https://orom.co.kr/product/detail.html?product_no=3251&cate_no=133&display_group=1&cafe_mkt=naver_ks&mkt_in=Y&ghost_mall_id=naver&ref=naver_open	https://orom.co.kr/product/detail.html?product_no=3251&cate_no=133&display_group=1&cafe_mkt=naver_ks	http://orom.co.kr/web/product/medium/202308/6d031ec5ca164651ed177558f574f6c3_dburl.jpg			다이어리 · 속지					신상품				오롬	오롬			80000	다이어리|플래너|가죽|고급|명품|리필|커버	1	8	0			
3252	북커버 롱포켓 와일드 엘크	98000	98000		https://orom.co.kr/product/detail.html?product_no=3252&cate_no=133&display_group=1&cafe_mkt=naver_ks&mkt_in=Y&ghost_mall_id=naver&ref=naver_open	https://orom.co.kr/product/detail.html?product_no=3252&cate_no=133&display_group=1&cafe_mkt=naver_ks	http://orom.co.kr/web/product/medium/202311/f1c10967bd57c6a3595a2ffb280390ef_dburl.jpg			다이어리 · 속지					신상품				오롬	오롬			98000	다이어리|플래너|가죽|고급|명품|리필|커버	1	14	0			
3253	북커버 미디엄 슬림형 (베이직)	32000	32000		https://orom.co.kr/product/detail.html?product_no=3253&cate_no=133&display_group=1&cafe_mkt=naver_ks&mkt_in=Y&ghost_mall_id=naver&ref=naver_open	https://orom.co.kr/product/detail.html?product_no=3253&cate_no=133&display_group=1&cafe_mkt=naver_ks	http://orom.co.kr/web/product/medium/202308/e313efebc4bef0789a72be29b394965c_dburl.jpg			다이어리 · 속지					신상품				오롬	오롬			32000	다이어리|플래너|가죽|고급|명품|리필|커버	1	1	3000			
3254	북커버 미디엄 자켓 슬림형 사피아노 콤비	55000	55000		https://orom.co.kr/product/detail.html?product_no=3254&cate_no=133&display_group=1&cafe_mkt=naver_ks&mkt_in=Y&ghost_mall_id=naver&ref=naver_open	https://orom.co.kr/product/detail.html?product_no=3254&cate_no=133&display_group=1&cafe_mkt=naver_ks	http://orom.co.kr/web/product/medium/202308/0c74f06821cb82956632d32d5becd3a2_dburl.jpg			다이어리 · 속지					신상품				오롬	오롬			55000	다이어리|플래너|가죽|고급|명품|리필|커버	1	5	0			
3255	북커버 미디엄 슬림형 스티치	52000	52000		https://orom.co.kr/product/detail.html?product_no=3255&cate_no=133&display_group=1&cafe_mkt=naver_ks&mkt_in=Y&ghost_mall_id=naver&ref=naver_open	https://orom.co.kr/product/detail.html?product_no=3255&cate_no=133&display_group=1&cafe_mkt=naver_ks	http://orom.co.kr/web/product/medium/202308/cb007dc7fb0da32ea01e2a7189aa2fcc_dburl.jpg			다이어리 · 속지					신상품				오롬	오롬			52000	다이어리|플래너|가죽|고급|명품|리필|커버	1	11	0			
3256	북커버 미디엄 솔리드	105000	105000		https://orom.co.kr/product/detail.html?product_no=3256&cate_no=133&display_group=1&cafe_mkt=naver_ks&mkt_in=Y&ghost_mall_id=naver&ref=naver_open	https://orom.co.kr/product/detail.html?product_no=3256&cate_no=133&display_group=1&cafe_mkt=naver_ks	http://orom.co.kr/web/product/medium/202308/03c7dd47ad3d068f5d9d41243eebf450_dburl.jpg			다이어리 · 속지					신상품				오롬	오롬			105000	다이어리|플래너|가죽|고급|명품|리필|커버	1	3	0			
3257	북커버 미디엄 슬림형 솔리드	77000	77000		https://orom.co.kr/product/detail.html?product_no=3257&cate_no=133&display_group=1&cafe_mkt=naver_ks&mkt_in=Y&ghost_mall_id=naver&ref=naver_open	https://orom.co.kr/product/detail.html?product_no=3257&cate_no=133&display_group=1&cafe_mkt=naver_ks	http://orom.co.kr/web/product/medium/202309/caba778606cd14819bd4c6f001d55b65_dburl.jpg			다이어리 · 속지					신상품				오롬	오롬			77000	다이어리|플래너|가죽|고급|명품|리필|커버	1	14	0			
3258	북커버 라지 솔리드	140000	140000		https://orom.co.kr/product/detail.html?product_no=3258&cate_no=133&display_group=1&cafe_mkt=naver_ks&mkt_in=Y&ghost_mall_id=naver&ref=naver_open	https://orom.co.kr/product/detail.html?product_no=3258&cate_no=133&display_group=1&cafe_mkt=naver_ks	http://orom.co.kr/web/product/medium/202411/e160892dceccec7d6ce18099c3ed2a81_dburl.jpg			다이어리 · 속지					신상품				오롬	오롬			140000	다이어리|플래너|가죽|고급|명품|리필|커버	1	18	0			
3259	북커버 라지 슬림형 솔리드	105000	105000		https://orom.co.kr/product/detail.html?product_no=3259&cate_no=133&display_group=1&cafe_mkt=naver_ks&mkt_in=Y&ghost_mall_id=naver&ref=naver_open	https://orom.co.kr/product/detail.html?product_no=3259&cate_no=133&display_group=1&cafe_mkt=naver_ks	http://orom.co.kr/web/product/medium/202309/580fed8d9df41f2d25d51d3813e1cae9_dburl.jpg			다이어리 · 속지					신상품				오롬	오롬			105000	다이어리|플래너|가죽|고급|명품|리필|커버	1	24	0			
3261	27년 숏포켓 프라임 레드	33500	33500		https://orom.co.kr/product/detail.html?product_no=3261&cate_no=133&display_group=1&cafe_mkt=naver_ks&mkt_in=Y&ghost_mall_id=naver&ref=naver_open	https://orom.co.kr/product/detail.html?product_no=3261&cate_no=133&display_group=1&cafe_mkt=naver_ks	http://orom.co.kr/web/product/medium/202609/3dd5c0caf5452e3a4130fee33674d3b4_dburl.jpg			다이어리 · 속지					신상품				오롬	오롬			33500	다이어리|플래너|가죽|고급|명품|양장|연도|26년다이어리|26년 다이어리|2026년다이어리	1	19	3000			
3262	27년 롱포켓 프라임 레드	33500	33500		https://orom.co.kr/product/detail.html?product_no=3262&cate_no=133&display_group=1&cafe_mkt=naver_ks&mkt_in=Y&ghost_mall_id=naver&ref=naver_open	https://orom.co.kr/product/detail.html?product_no=3262&cate_no=133&display_group=1&cafe_mkt=naver_ks	http://orom.co.kr/web/product/medium/202609/548956050a4571a0480118351970c362_dburl.jpg			다이어리 · 속지					신상품				오롬	오롬			33500	다이어리|플래너|가죽|고급|명품|양장|연도|26년다이어리|26년 다이어리|2026년다이어리	1	55	3000			
3263	데스크핏 유선 클래식	43500	43500		https://orom.co.kr/product/detail.html?product_no=3263&cate_no=133&display_group=1&cafe_mkt=naver_ks&mkt_in=Y&ghost_mall_id=naver&ref=naver_open	https://orom.co.kr/product/detail.html?product_no=3263&cate_no=133&display_group=1&cafe_mkt=naver_ks	http://orom.co.kr/web/product/medium/202609/517bf629b707a64b3a85cc40866c78ab_dburl.jpg			다이어리 · 속지					신상품				오롬	오롬			43500	다이어리|플래너|가죽|고급|명품|양장|연도|일체형26년다이어리|2026년 다이어리|26년 다이어리	1	12	0			
3265	6공 오거나이저 (소) 버튼 크로커	95000	95000		https://orom.co.kr/product/detail.html?product_no=3265&cate_no=133&display_group=1&cafe_mkt=naver_ks&mkt_in=Y&ghost_mall_id=naver&ref=naver_open	https://orom.co.kr/product/detail.html?product_no=3265&cate_no=133&display_group=1&cafe_mkt=naver_ks	http://orom.co.kr/web/product/medium/202308/de7cd0a499e88c86484242d201801d83_dburl.jpg			다이어리 · 속지					신상품				오롬	오롬			95000	다이어리|플래너|가죽|고급|명품|양장|연도|만년|6공|시스템	1		0			
3266	6공 오거나이저 (소) 소프트	110000	110000		https://orom.co.kr/product/detail.html?product_no=3266&cate_no=133&display_group=1&cafe_mkt=naver_ks&mkt_in=Y&ghost_mall_id=naver&ref=naver_open	https://orom.co.kr/product/detail.html?product_no=3266&cate_no=133&display_group=1&cafe_mkt=naver_ks	http://orom.co.kr/web/product/medium/202308/f8353ce9444104f1dcf7aab0bea121f1_dburl.jpg			다이어리 · 속지					신상품				오롬	오롬			110000	다이어리|플래너|가죽|고급|명품|양장|연도|만년|6공|시스템	1	1	0			
3267	6공 오거나이저 (소) 오렌지 - Rita Botta	285000	285000		https://orom.co.kr/product/detail.html?product_no=3267&cate_no=133&display_group=1&cafe_mkt=naver_ks&mkt_in=Y&ghost_mall_id=naver&ref=naver_open	https://orom.co.kr/product/detail.html?product_no=3267&cate_no=133&display_group=1&cafe_mkt=naver_ks	http://orom.co.kr/web/product/medium/202308/2811bf22ca54053761a2fcdb84188c90_dburl.jpg			다이어리 · 속지					신상품				오롬	오롬			285000	다이어리|플래너|가죽|고급|명품|양장|연도|만년|6공|시스템	1	1	0			
3268	6공 오거나이저 (소) 타조 버튼	52000	52000		https://orom.co.kr/product/detail.html?product_no=3268&cate_no=133&display_group=1&cafe_mkt=naver_ks&mkt_in=Y&ghost_mall_id=naver&ref=naver_open	https://orom.co.kr/product/detail.html?product_no=3268&cate_no=133&display_group=1&cafe_mkt=naver_ks	http://orom.co.kr/web/product/medium/202308/03b9a9a45db7b18e9f569e60a40d3178_dburl.jpg			다이어리 · 속지					신상품				오롬	오롬			52000	다이어리|플래너|가죽|고급|명품|양장|연도|만년|6공|시스템	1	5	0			
3270	6공 오거나이저 (소) 아웃포켓	68000	68000		https://orom.co.kr/product/detail.html?product_no=3270&cate_no=133&display_group=1&cafe_mkt=naver_ks&mkt_in=Y&ghost_mall_id=naver&ref=naver_open	https://orom.co.kr/product/detail.html?product_no=3270&cate_no=133&display_group=1&cafe_mkt=naver_ks	http://orom.co.kr/web/product/medium/202308/b05210bf4fcc92c0e6e24caa0140a996_dburl.jpg			다이어리 · 속지					신상품				오롬	오롬			68000	다이어리|플래너|가죽|고급|명품|양장|연도|만년|6공|시스템	1	2	0			
3272	6공 오거나이저 (포켓) 버튼 크로커	95000	95000		https://orom.co.kr/product/detail.html?product_no=3272&cate_no=133&display_group=1&cafe_mkt=naver_ks&mkt_in=Y&ghost_mall_id=naver&ref=naver_open	https://orom.co.kr/product/detail.html?product_no=3272&cate_no=133&display_group=1&cafe_mkt=naver_ks	http://orom.co.kr/web/product/medium/202308/ea7b2c2b3909b86b906e4e2ff436af31_dburl.jpg			다이어리 · 속지					신상품				오롬	오롬			95000	다이어리|플래너|가죽|고급|명품|양장|연도|만년|6공|시스템	1	2	0			
3273	6공 오거나이저 (포켓) 벨트	110000	110000		https://orom.co.kr/product/detail.html?product_no=3273&cate_no=133&display_group=1&cafe_mkt=naver_ks&mkt_in=Y&ghost_mall_id=naver&ref=naver_open	https://orom.co.kr/product/detail.html?product_no=3273&cate_no=133&display_group=1&cafe_mkt=naver_ks	http://orom.co.kr/web/product/medium/202406/61c0764aac56a7590ccebdae9eeadad7_dburl.jpg			다이어리 · 속지					신상품				오롬	오롬			110000	다이어리|플래너|가죽|고급|명품|양장|연도|만년|6공|시스템	1	1	0			
3274	6공 오거나이저 (포켓) 콤비	110000	110000		https://orom.co.kr/product/detail.html?product_no=3274&cate_no=133&display_group=1&cafe_mkt=naver_ks&mkt_in=Y&ghost_mall_id=naver&ref=naver_open	https://orom.co.kr/product/detail.html?product_no=3274&cate_no=133&display_group=1&cafe_mkt=naver_ks	http://orom.co.kr/web/product/medium/202308/b2c742bb9a9ff0621bad3d35f6526a44_dburl.jpg			다이어리 · 속지					신상품				오롬	오롬			110000	다이어리|플래너|가죽|고급|명품|양장|연도|만년|6공|시스템	1	4	0			
3275	6공 오거나이저 (포켓) 사피아노 버튼	125000	125000		https://orom.co.kr/product/detail.html?product_no=3275&cate_no=133&display_group=1&cafe_mkt=naver_ks&mkt_in=Y&ghost_mall_id=naver&ref=naver_open	https://orom.co.kr/product/detail.html?product_no=3275&cate_no=133&display_group=1&cafe_mkt=naver_ks	http://orom.co.kr/web/product/medium/202308/58f1df73f0869d910e898350102e5f8b_dburl.jpg			다이어리 · 속지					신상품				오롬	오롬			125000	다이어리|플래너|가죽|고급|명품|양장|연도|만년|6공|시스템	1	4	0			
3276	6공 오거나이저 (포켓) 타조 버튼	48000	48000		https://orom.co.kr/product/detail.html?product_no=3276&cate_no=133&display_group=1&cafe_mkt=naver_ks&mkt_in=Y&ghost_mall_id=naver&ref=naver_open	https://orom.co.kr/product/detail.html?product_no=3276&cate_no=133&display_group=1&cafe_mkt=naver_ks	http://orom.co.kr/web/product/medium/202308/10faa4e6cdaf6cfbb490c254712ffec0_dburl.jpg			다이어리 · 속지					신상품				오롬	오롬			48000	다이어리|플래너|가죽|고급|명품|양장|연도|만년|6공|시스템	1	1	0			
3277	6공 오거나이저 (포켓) 사피아노 콤비	48000	48000		https://orom.co.kr/product/detail.html?product_no=3277&cate_no=133&display_group=1&cafe_mkt=naver_ks&mkt_in=Y&ghost_mall_id=naver&ref=naver_open	https://orom.co.kr/product/detail.html?product_no=3277&cate_no=133&display_group=1&cafe_mkt=naver_ks	http://orom.co.kr/web/product/medium/202308/b570edf9273d6fc9e28470fd6822db4c_dburl.jpg			다이어리 · 속지					신상품				오롬	오롬			48000	다이어리|플래너|가죽|고급|명품|양장|연도|만년|6공|시스템	1	7	0			
3279	6공 오거나이저 (포켓) 위드월렛	120000	120000		https://orom.co.kr/product/detail.html?product_no=3279&cate_no=133&display_group=1&cafe_mkt=naver_ks&mkt_in=Y&ghost_mall_id=naver&ref=naver_open	https://orom.co.kr/product/detail.html?product_no=3279&cate_no=133&display_group=1&cafe_mkt=naver_ks	http://orom.co.kr/web/product/medium/202308/22ca001a584c5664d70f2a8c84dd63af_dburl.jpg			다이어리 · 속지					신상품				오롬	오롬			120000	다이어리|플래너|가죽|고급|명품|양장|연도|만년|6공|시스템	1	6	0			
3280	6공 오거나이저 (포켓) 아웃포켓 오렌지&그레이	75000	75000		https://orom.co.kr/product/detail.html?product_no=3280&cate_no=133&display_group=1&cafe_mkt=naver_ks&mkt_in=Y&ghost_mall_id=naver&ref=naver_open	https://orom.co.kr/product/detail.html?product_no=3280&cate_no=133&display_group=1&cafe_mkt=naver_ks	http://orom.co.kr/web/product/medium/202308/be3c391e1bf92e24505fd9d56adb4b4d_dburl.jpg			다이어리 · 속지					신상품				오롬	오롬			75000	다이어리|플래너|가죽|고급|명품|양장|연도|만년|6공|시스템	1	2	0			
3281	6공 오거나이저 (포켓) 와이드 버튼	145000	145000		https://orom.co.kr/product/detail.html?product_no=3281&cate_no=133&display_group=1&cafe_mkt=naver_ks&mkt_in=Y&ghost_mall_id=naver&ref=naver_open	https://orom.co.kr/product/detail.html?product_no=3281&cate_no=133&display_group=1&cafe_mkt=naver_ks	http://orom.co.kr/web/product/medium/202308/076985f8c6226cfd9376b38c011b8df2_dburl.jpg			다이어리 · 속지					신상품				오롬	오롬			145000	다이어리|플래너|가죽|고급|명품|양장|연도|만년|6공|시스템	1	6	0			
3282	6공 오거나이저 (포켓) 재생 슬림 벨트	92000	92000		https://orom.co.kr/product/detail.html?product_no=3282&cate_no=133&display_group=1&cafe_mkt=naver_ks&mkt_in=Y&ghost_mall_id=naver&ref=naver_open	https://orom.co.kr/product/detail.html?product_no=3282&cate_no=133&display_group=1&cafe_mkt=naver_ks	http://orom.co.kr/web/product/medium/202308/33536956bfcdb41220a9987c77a14080_dburl.jpg			다이어리 · 속지					신상품				오롬	오롬			92000	다이어리|플래너|가죽|고급|명품|양장|연도|만년|6공|시스템	1		0			
3283	6공 오거나이저 (중) 버튼 투톤 블랙&레드	130000	130000		https://orom.co.kr/product/detail.html?product_no=3283&cate_no=133&display_group=1&cafe_mkt=naver_ks&mkt_in=Y&ghost_mall_id=naver&ref=naver_open	https://orom.co.kr/product/detail.html?product_no=3283&cate_no=133&display_group=1&cafe_mkt=naver_ks	http://orom.co.kr/web/product/medium/202601/12524e134cc9e70b2cbe04cb584bb62b_dburl.png			다이어리 · 속지					신상품				오롬	오롬			130000	다이어리|플래너|가죽|고급|명품|양장|연도|만년|6공|시스템	1	2	0			
3284	6공 오거나이저 (중) 사피아노 버튼	165000	165000		https://orom.co.kr/product/detail.html?product_no=3284&cate_no=133&display_group=1&cafe_mkt=naver_ks&mkt_in=Y&ghost_mall_id=naver&ref=naver_open	https://orom.co.kr/product/detail.html?product_no=3284&cate_no=133&display_group=1&cafe_mkt=naver_ks	http://orom.co.kr/web/product/medium/202601/d48551b271f517965e5dd3ce159130ad_dburl.png			다이어리 · 속지					신상품				오롬	오롬			165000	다이어리|플래너|가죽|고급|명품|양장|연도|만년|6공|시스템	1		0			
3287	6공 오거나이저 (중) 타조	62000	62000		https://orom.co.kr/product/detail.html?product_no=3287&cate_no=133&display_group=1&cafe_mkt=naver_ks&mkt_in=Y&ghost_mall_id=naver&ref=naver_open	https://orom.co.kr/product/detail.html?product_no=3287&cate_no=133&display_group=1&cafe_mkt=naver_ks	http://orom.co.kr/web/product/medium/202601/40671f3bd2951a2cb9bac8eaa176df8b_dburl.png			다이어리 · 속지					신상품				오롬	오롬			62000	다이어리|플래너|가죽|고급|명품|양장|연도|만년|6공|시스템	1	6	0			
3288	6공 오거나이저 (중) 위드월렛	150000	150000		https://orom.co.kr/product/detail.html?product_no=3288&cate_no=133&display_group=1&cafe_mkt=naver_ks&mkt_in=Y&ghost_mall_id=naver&ref=naver_open	https://orom.co.kr/product/detail.html?product_no=3288&cate_no=133&display_group=1&cafe_mkt=naver_ks	http://orom.co.kr/web/product/medium/202601/266c3d49d6432ed1946a881be66c8b59_dburl.png			다이어리 · 속지					신상품				오롬	오롬			150000	다이어리|플래너|가죽|고급|명품|양장|연도|만년|6공|시스템	1	4	0			
3290	6공 오거나이저 (중) 와이드 버튼	180000	180000		https://orom.co.kr/product/detail.html?product_no=3290&cate_no=133&display_group=1&cafe_mkt=naver_ks&mkt_in=Y&ghost_mall_id=naver&ref=naver_open	https://orom.co.kr/product/detail.html?product_no=3290&cate_no=133&display_group=1&cafe_mkt=naver_ks	http://orom.co.kr/web/product/medium/202601/87905a3e294b922aea4e485eef82126f_dburl.png			다이어리 · 속지					신상품				오롬	오롬			180000	다이어리|플래너|가죽|고급|명품|양장|연도|만년|6공|시스템	1	15	0			
3291	6공 오거나이저 (중) 스퀘어	150000	150000		https://orom.co.kr/product/detail.html?product_no=3291&cate_no=133&display_group=1&cafe_mkt=naver_ks&mkt_in=Y&ghost_mall_id=naver&ref=naver_open	https://orom.co.kr/product/detail.html?product_no=3291&cate_no=133&display_group=1&cafe_mkt=naver_ks	http://orom.co.kr/web/product/medium/202601/3d561fa3a77dd8cb5f54da9be7598043_dburl.png			다이어리 · 속지					신상품				오롬	오롬			150000	다이어리|플래너|가죽|고급|명품|양장|연도|만년|6공|시스템	1	4	0			
3292	내지보관케이스 (대)	12000	12000		https://orom.co.kr/product/detail.html?product_no=3292&cate_no=133&display_group=1&cafe_mkt=naver_ks&mkt_in=Y&ghost_mall_id=naver&ref=naver_open	https://orom.co.kr/product/detail.html?product_no=3292&cate_no=133&display_group=1&cafe_mkt=naver_ks	http://orom.co.kr/web/product/medium/202308/355fb97ca0da1af8d003dce886f834a3_dburl.jpg			다이어리 · 속지					신상품				오롬	오롬			12000	다이어리|플래너|가죽|고급|명품|양장|연도|만년|6공|시스템	1	52	3000			
3293	6공 오거나이저 (대) 위드월렛	185000	185000		https://orom.co.kr/product/detail.html?product_no=3293&cate_no=133&display_group=1&cafe_mkt=naver_ks&mkt_in=Y&ghost_mall_id=naver&ref=naver_open	https://orom.co.kr/product/detail.html?product_no=3293&cate_no=133&display_group=1&cafe_mkt=naver_ks	http://orom.co.kr/web/product/medium/202512/4e66ea4553278553ec2ad61e7bcdb850_dburl.png			다이어리 · 속지					신상품				오롬	오롬			185000	다이어리|플래너|가죽|고급|명품|양장|연도|만년|6공|시스템	1	9	0			
3294	6공 오거나이저 (대) 와이드 버튼	205000	205000		https://orom.co.kr/product/detail.html?product_no=3294&cate_no=133&display_group=1&cafe_mkt=naver_ks&mkt_in=Y&ghost_mall_id=naver&ref=naver_open	https://orom.co.kr/product/detail.html?product_no=3294&cate_no=133&display_group=1&cafe_mkt=naver_ks	http://orom.co.kr/web/product/medium/202512/bcbe5bfd3a04b07704791817419d3921_dburl.png			다이어리 · 속지					신상품				오롬	오롬			205000	다이어리|플래너|가죽|고급|명품|양장|연도|만년|6공|시스템	1	46	0			
3299	2027 먼슬리 다이어리 마일드 라지	39000	39000		https://orom.co.kr/product/detail.html?product_no=3299&cate_no=140&display_group=1&cafe_mkt=naver_ks&mkt_in=Y&ghost_mall_id=naver&ref=naver_open	https://orom.co.kr/product/detail.html?product_no=3299&cate_no=140&display_group=1&cafe_mkt=naver_ks	http://orom.co.kr/web/product/medium/202609/52c9ab4673242c7f9ec12ab01a35af35_dburl.png			다이어리 · 속지	양장 다이어리				신상품				오롬	오롬			39000	오롬다이어리|주간다이어리|플래너|고급|명품|양장|연도|일체형|26년다이어리|26년 다이어리	1	33	3000			
3300	2027 데일리 다이어리 마일드 라지	44000	44000		https://orom.co.kr/product/detail.html?product_no=3300&cate_no=133&display_group=1&cafe_mkt=naver_ks&mkt_in=Y&ghost_mall_id=naver&ref=naver_open	https://orom.co.kr/product/detail.html?product_no=3300&cate_no=133&display_group=1&cafe_mkt=naver_ks	http://orom.co.kr/web/product/medium/202609/806ab67da4050ec096d5423f0dd4792d_dburl.jpg			다이어리 · 속지					신상품				오롬	오롬			44000	오롬다이어리|주간다이어리|플래너|고급|명품|양장|연도|일체형|26년다이어리|26년 다이어리	1	71	0			
3302	만년필노트 폴라 미디엄	19000	19000		https://orom.co.kr/product/detail.html?product_no=3302&cate_no=134&display_group=1&cafe_mkt=naver_ks&mkt_in=Y&ghost_mall_id=naver&ref=naver_open	https://orom.co.kr/product/detail.html?product_no=3302&cate_no=134&display_group=1&cafe_mkt=naver_ks	http://orom.co.kr/web/product/medium/202309/3f7eef73af3024f5417e013671f75ed5_dburl.jpg			노트					신상품				오롬	오롬			19000	오롬|각인 노트|노트|공책|디자인 노트|디자인 공책|점선 노트|점선 공책|그리드 노트|그리드 공책	1	53	3000			
3303	만년필노트 테일 : 데미안	21000	21000		https://orom.co.kr/product/detail.html?product_no=3303&cate_no=134&display_group=1&cafe_mkt=naver_ks&mkt_in=Y&ghost_mall_id=naver&ref=naver_open	https://orom.co.kr/product/detail.html?product_no=3303&cate_no=134&display_group=1&cafe_mkt=naver_ks	http://orom.co.kr/web/product/medium/202308/acb6b8dff320dbd652e161380df7656b_dburl.jpg			노트					신상품				오롬	오롬			21000	오롬|각인 노트|노트|공책|디자인 노트|디자인 공책|점선 노트|점선 공책|그리드 노트|그리드 공책	1	26	3000			
3304	만년필노트 테일 : 위대한 개츠비	21000	21000		https://orom.co.kr/product/detail.html?product_no=3304&cate_no=134&display_group=1&cafe_mkt=naver_ks&mkt_in=Y&ghost_mall_id=naver&ref=naver_open	https://orom.co.kr/product/detail.html?product_no=3304&cate_no=134&display_group=1&cafe_mkt=naver_ks	http://orom.co.kr/web/product/medium/202403/218354e4f0e07263823e15cd4c09bc7a_dburl.jpg			노트					신상품				오롬	오롬			21000	오롬|각인 노트|노트|공책|디자인 노트|디자인 공책|점선 노트|점선 공책|그리드 노트|그리드 공책	1	11	3000			
3305	만년필노트 테일 : 노인과 바다	21000	21000		https://orom.co.kr/product/detail.html?product_no=3305&cate_no=134&display_group=1&cafe_mkt=naver_ks&mkt_in=Y&ghost_mall_id=naver&ref=naver_open	https://orom.co.kr/product/detail.html?product_no=3305&cate_no=134&display_group=1&cafe_mkt=naver_ks	http://orom.co.kr/web/product/medium/202308/f133a0718bfa24645a0548d0a323118d_dburl.jpg			노트					신상품				오롬	오롬			21000	오롬|각인 노트|노트|공책|디자인 노트|디자인 공책|점선 노트|점선 공책|그리드 노트|그리드 공책	1	34	3000			
3306	만년필 케이스 6구 피에노	210000	210000		https://orom.co.kr/product/detail.html?product_no=3306&cate_no=135&display_group=1&cafe_mkt=naver_ks&mkt_in=Y&ghost_mall_id=naver&ref=naver_open	https://orom.co.kr/product/detail.html?product_no=3306&cate_no=135&display_group=1&cafe_mkt=naver_ks	http://orom.co.kr/web/product/medium/202308/db501ba818a0894d3e675639921c7e0c_dburl.jpg			만년필 용품					신상품				오롬	오롬			210000	핸드메이드|수제|가죽|고급|선물|수납|만년필|파우치|케이스|필통	1	14	0			
3312	27년 숏포켓 프라임 다크브라운	33500	33500		https://orom.co.kr/product/detail.html?product_no=3312&cate_no=133&display_group=1&cafe_mkt=naver_ks&mkt_in=Y&ghost_mall_id=naver&ref=naver_open	https://orom.co.kr/product/detail.html?product_no=3312&cate_no=133&display_group=1&cafe_mkt=naver_ks	http://orom.co.kr/web/product/medium/202609/525ccf2cf7552eb38c3fd7074b2d0eb4_dburl.jpg			다이어리 · 속지					신상품				오롬	오롬			33500	다이어리|플래너|가죽|고급|명품|양장|연도|26년다이어리|26년 다이어리|2026년다이어리	1	10	3000			
3314	2027 데일리 다이어리 프라임 미니 다크브라운	39500	39500		https://orom.co.kr/product/detail.html?product_no=3314&cate_no=133&display_group=1&cafe_mkt=naver_ks&mkt_in=Y&ghost_mall_id=naver&ref=naver_open	https://orom.co.kr/product/detail.html?product_no=3314&cate_no=133&display_group=1&cafe_mkt=naver_ks	http://orom.co.kr/web/product/medium/202609/44aa03e71f3a08f55c95e73fc44af7a9_dburl.jpg			다이어리 · 속지					신상품				오롬	오롬			39500	오롬다이어리|주간다이어리|플래너|고급|명품|양장|연도|27년다이어리|27년 다이어리|2027년다이어리	1	20	3000			
3317	2027 데일리 다이어리 마일드 미디엄	44000	44000		https://orom.co.kr/product/detail.html?product_no=3317&cate_no=133&display_group=1&cafe_mkt=naver_ks&mkt_in=Y&ghost_mall_id=naver&ref=naver_open	https://orom.co.kr/product/detail.html?product_no=3317&cate_no=133&display_group=1&cafe_mkt=naver_ks	http://orom.co.kr/web/product/medium/202609/e3a706f128417a2d635b04226af5d438_dburl.jpg			다이어리 · 속지					신상품				오롬	오롬			44000	오롬다이어리|주간다이어리|플래너|데일리|고급|명품|양장|연도|일체형|26년다이어리	1	34	0			
3328	6공 오거나이저 (대) 딤플	250000	250000		https://orom.co.kr/product/detail.html?product_no=3328&cate_no=133&display_group=1&cafe_mkt=naver_ks&mkt_in=Y&ghost_mall_id=naver&ref=naver_open	https://orom.co.kr/product/detail.html?product_no=3328&cate_no=133&display_group=1&cafe_mkt=naver_ks	http://orom.co.kr/web/product/medium/202512/6ca0c677c726c8bd357b9add4d108b60_dburl.png			다이어리 · 속지					신상품				오롬	오롬			250000	다이어리|플래너|가죽|고급|명품|교체형|연도|시스템|바인더|A5	1	4	0			
3329	카드지갑 플랩	49000	49000		https://orom.co.kr/product/detail.html?product_no=3329&cate_no=137&display_group=1&cafe_mkt=naver_ks&mkt_in=Y&ghost_mall_id=naver&ref=naver_open	https://orom.co.kr/product/detail.html?product_no=3329&cate_no=137&display_group=1&cafe_mkt=naver_ks	http://orom.co.kr/web/product/medium/202308/d0787fd270edd2ae6745d81cfe941cc4_dburl.jpg			지갑					신상품				오롬	오롬			49000	오롬|각인 지갑|오롬 카드지갑|가죽지갑|천연 가죽지갑|남자 지갑|여자 지갑|클래식 지갑|슬림 지갑|수제 지갑	1	1	0			
3331	만년필 전용 6공 속지 (포켓) 폴라 무선	11000	11000		https://orom.co.kr/product/detail.html?product_no=3331&cate_no=133&display_group=1&cafe_mkt=naver_ks&mkt_in=Y&ghost_mall_id=naver&ref=naver_open	https://orom.co.kr/product/detail.html?product_no=3331&cate_no=133&display_group=1&cafe_mkt=naver_ks	http://orom.co.kr/web/product/medium/202309/ccd16f6c0d9b3d3e6a35a113d628fa07_dburl.jpg			다이어리 · 속지					신상품				오롬	오롬			11000	다이어리|플래너|가죽|고급|명품|교체형|연도|시스템|바인더	1	13	3000			
3332	만년필 전용 6공 속지 (중) 폴라 무선	11000	11000		https://orom.co.kr/product/detail.html?product_no=3332&cate_no=133&display_group=1&cafe_mkt=naver_ks&mkt_in=Y&ghost_mall_id=naver&ref=naver_open	https://orom.co.kr/product/detail.html?product_no=3332&cate_no=133&display_group=1&cafe_mkt=naver_ks	http://orom.co.kr/web/product/medium/202309/3c4baa6f1634c4f4d0f32e80276c97c9_dburl.jpg			다이어리 · 속지					신상품				오롬	오롬			11000	다이어리|플래너|가죽|고급|명품|교체형|연도|시스템|바인더	1	18	3000			
3333	피에노 세트	127000	127000		https://orom.co.kr/product/detail.html?product_no=3333&cate_no=137&display_group=1&cafe_mkt=naver_ks&mkt_in=Y&ghost_mall_id=naver&ref=naver_open	https://orom.co.kr/product/detail.html?product_no=3333&cate_no=137&display_group=1&cafe_mkt=naver_ks	http://orom.co.kr/web/product/medium/202308/ee84facee111f93ca53c8e370fc467e6_dburl.jpg			지갑					신상품				오롬	오롬			127000	오롬|각인 지갑|오롬 여권지갑|가죽지갑|천연 가죽지갑|남자 지갑|여자 지갑|클래식 지갑|슬림 지갑|수제 지갑	1	2	0			
3334	반지갑 와일드 엘크	98000	98000		https://orom.co.kr/product/detail.html?product_no=3334&cate_no=137&display_group=1&cafe_mkt=naver_ks&mkt_in=Y&ghost_mall_id=naver&ref=naver_open	https://orom.co.kr/product/detail.html?product_no=3334&cate_no=137&display_group=1&cafe_mkt=naver_ks	http://orom.co.kr/web/product/medium/202308/9e651ae328affb1cda5cdfd39387b1c7_dburl.jpg			지갑					신상품				오롬	오롬			98000	오롬|각인 지갑|오롬 지갑|가죽지갑|천연 가죽지갑|남자 지갑|여자 지갑|클래식 지갑|슬림 지갑|수제 지갑	1	26	0			
3335	안경케이스 와일드 엘크	100000	100000		https://orom.co.kr/product/detail.html?product_no=3335&cate_no=136&display_group=1&cafe_mkt=naver_ks&mkt_in=Y&ghost_mall_id=naver&ref=naver_open	https://orom.co.kr/product/detail.html?product_no=3335&cate_no=136&display_group=1&cafe_mkt=naver_ks	http://orom.co.kr/web/product/medium/202311/0d57fc27cd7aaa446601b10c84ecb91d_dburl.jpg			가죽 케이스					신상품				오롬	오롬			100000	가죽|가방|파우치|케이스|선물|지갑	1	5	0			
3336	여권케이스 피에노	75000	75000		https://orom.co.kr/product/detail.html?product_no=3336&cate_no=137&display_group=1&cafe_mkt=naver_ks&mkt_in=Y&ghost_mall_id=naver&ref=naver_open	https://orom.co.kr/product/detail.html?product_no=3336&cate_no=137&display_group=1&cafe_mkt=naver_ks	http://orom.co.kr/web/product/medium/202308/d06a36d06a59a0c8cf6457ef42d2f655_dburl.jpg			지갑					신상품				오롬	오롬			75000	오롬|각인 지갑|오롬 여권지갑|가죽지갑|천연 가죽지갑|남자 지갑|여자 지갑|클래식 지갑|슬림 지갑|수제 지갑	1	1	0			
3338	마음 편지 세트	9500	9500		https://orom.co.kr/product/detail.html?product_no=3338&cate_no=177&display_group=1&cafe_mkt=naver_ks&mkt_in=Y&ghost_mall_id=naver&ref=naver_open	https://orom.co.kr/product/detail.html?product_no=3338&cate_no=177&display_group=1&cafe_mkt=naver_ks	http://orom.co.kr/web/product/medium/202309/0e3ab30e5757954189adad8c08b044b3_dburl.jpg			다이어리 · 속지	노트패드	노트패드 A5			신상품				오롬	오롬			9500	가죽|선물|기프트|패키지|키트	1	1	3000			
3342	내지보관케이스 (중/포켓)	12000	12000		https://orom.co.kr/product/detail.html?product_no=3342&cate_no=133&display_group=1&cafe_mkt=naver_ks&mkt_in=Y&ghost_mall_id=naver&ref=naver_open	https://orom.co.kr/product/detail.html?product_no=3342&cate_no=133&display_group=1&cafe_mkt=naver_ks	http://orom.co.kr/web/product/medium/202308/a0a161cfea1aabf5b1bcc4178fecd5ce_dburl.jpg			다이어리 · 속지					신상품				오롬	오롬			12000	다이어리|플래너|가죽|고급|명품|교체형|연도|시스템|바인더	1	20	3000			
3356	북커버 미디엄 자켓형 린넨	62000	62000		https://orom.co.kr/product/detail.html?product_no=3356&cate_no=133&display_group=1&cafe_mkt=naver_ks&mkt_in=Y&ghost_mall_id=naver&ref=naver_open	https://orom.co.kr/product/detail.html?product_no=3356&cate_no=133&display_group=1&cafe_mkt=naver_ks	http://orom.co.kr/web/product/medium/202308/c19c654f93fbdbb6e2d6bbba966ff25e_dburl.jpg			다이어리 · 속지					신상품				오롬	오롬			62000	다이어리|플래너|가죽|고급|명품|교체형|연도	1	1	0			
3373	노트패드 A4 콤비 오렌지&베이지	220000	220000		https://orom.co.kr/product/detail.html?product_no=3373&cate_no=133&display_group=1&cafe_mkt=naver_ks&mkt_in=Y&ghost_mall_id=naver&ref=naver_open	https://orom.co.kr/product/detail.html?product_no=3373&cate_no=133&display_group=1&cafe_mkt=naver_ks	http://orom.co.kr/web/product/medium/202309/23a5e2132b90fa3d8a0efea77221249c_dburl.jpg			다이어리 · 속지					신상품				오롬	오롬			220000	라이팅패드	1	2	0			
3376	27년 북커버 속지 라이프로그 미니 데일리	14000	14000		https://orom.co.kr/product/detail.html?product_no=3376&cate_no=133&display_group=1&cafe_mkt=naver_ks&mkt_in=Y&ghost_mall_id=naver&ref=naver_open	https://orom.co.kr/product/detail.html?product_no=3376&cate_no=133&display_group=1&cafe_mkt=naver_ks	http://orom.co.kr/web/product/medium/202609/d808b598b321ba293dfd7bc3fdbc6766_dburl.jpg			다이어리 · 속지					신상품				오롬	오롬			14000	다이어리|플래너|가죽|고급|명품|교체형|연도|26년다이어리|26년 다이어리|2026년다이어리	1	30	3000			
3377	27년 북커버 속지 숏포켓 위클리 1주 2면	13000	13000		https://orom.co.kr/product/detail.html?product_no=3377&cate_no=133&display_group=1&cafe_mkt=naver_ks&mkt_in=Y&ghost_mall_id=naver&ref=naver_open	https://orom.co.kr/product/detail.html?product_no=3377&cate_no=133&display_group=1&cafe_mkt=naver_ks	http://orom.co.kr/web/product/medium/202609/d88c84fc0e8d652e51b3610a9ee63bd1_dburl.jpg			다이어리 · 속지					신상품				오롬	오롬			13000	다이어리|플래너|가죽|고급|명품|교체형|연도|26년다이어리|26년 다이어리|2026년다이어리	1	93	3000			
3378	27년 북커버 속지 숏포켓 먼슬리 타입	13000	13000		https://orom.co.kr/product/detail.html?product_no=3378&cate_no=133&display_group=1&cafe_mkt=naver_ks&mkt_in=Y&ghost_mall_id=naver&ref=naver_open	https://orom.co.kr/product/detail.html?product_no=3378&cate_no=133&display_group=1&cafe_mkt=naver_ks	http://orom.co.kr/web/product/medium/202609/e1685472109dd9c04e181cd9855b3a2d_dburl.jpg			다이어리 · 속지					신상품				오롬	오롬			13000	다이어리|플래너|가죽|고급|명품|교체형|연도|26년다이어리|26년 다이어리|2026년다이어리	1	154	3000			
3379	27년 북커버 속지 숏포켓 먼슬리 별책	7000	7000		https://orom.co.kr/product/detail.html?product_no=3379&cate_no=133&display_group=1&cafe_mkt=naver_ks&mkt_in=Y&ghost_mall_id=naver&ref=naver_open	https://orom.co.kr/product/detail.html?product_no=3379&cate_no=133&display_group=1&cafe_mkt=naver_ks	http://orom.co.kr/web/product/medium/202609/aa6f2294f09eba46f310d7776e90846c_dburl.png			다이어리 · 속지					신상품				오롬	오롬			7000	다이어리|플래너|가죽|고급|명품|교체형|연도|26년다이어리|26년 다이어리|2026년다이어리	1	79	3000			
3381	27년 북커버 속지 롱포켓 먼슬리타입	13000	13000		https://orom.co.kr/product/detail.html?product_no=3381&cate_no=133&display_group=1&cafe_mkt=naver_ks&mkt_in=Y&ghost_mall_id=naver&ref=naver_open	https://orom.co.kr/product/detail.html?product_no=3381&cate_no=133&display_group=1&cafe_mkt=naver_ks	http://orom.co.kr/web/product/medium/202609/c2afdc07a3a6e2000c0b1b17be5b9bed_dburl.jpg			다이어리 · 속지					신상품				오롬	오롬			13000	다이어리|플래너|가죽|고급|명품|교체형|연도|26년다이어리|26년 다이어리|2026년다이어리	1	86	3000			
3382	27년 북커버 속지 롱포켓 먼슬리 별책	7000	7000		https://orom.co.kr/product/detail.html?product_no=3382&cate_no=133&display_group=1&cafe_mkt=naver_ks&mkt_in=Y&ghost_mall_id=naver&ref=naver_open	https://orom.co.kr/product/detail.html?product_no=3382&cate_no=133&display_group=1&cafe_mkt=naver_ks	http://orom.co.kr/web/product/medium/202609/c79c57b6fb1ae1fd3a9d3f1afe1e63c4_dburl.png			다이어리 · 속지					신상품				오롬	오롬			7000	다이어리|플래너|가죽|고급|명품|교체형|연도|26년다이어리|26년 다이어리|2026년다이어리	1	41	3000			
3383	27년 북커버 속지 라이프로그 미디엄 분권데일리 세트	35000	35000		https://orom.co.kr/product/detail.html?product_no=3383&cate_no=133&display_group=1&cafe_mkt=naver_ks&mkt_in=Y&ghost_mall_id=naver&ref=naver_open	https://orom.co.kr/product/detail.html?product_no=3383&cate_no=133&display_group=1&cafe_mkt=naver_ks	http://orom.co.kr/web/product/medium/202609/ce3c92506b4924cf7b585b92a058de7b_dburl.jpg			다이어리 · 속지					신상품				오롬	오롬			35000	다이어리|플래너|가죽|고급|명품|교체형|연도|26년다이어리|26년 다이어리|2026년다이어리	1	20	3000			
3384	27년 북커버 속지 라이프로그 라지 분권데일리 세트	35000	35000		https://orom.co.kr/product/detail.html?product_no=3384&cate_no=133&display_group=1&cafe_mkt=naver_ks&mkt_in=Y&ghost_mall_id=naver&ref=naver_open	https://orom.co.kr/product/detail.html?product_no=3384&cate_no=133&display_group=1&cafe_mkt=naver_ks	http://orom.co.kr/web/product/medium/202609/ba4dce134f100cd7056fe606d915a15c_dburl.jpg			다이어리 · 속지					신상품				오롬	오롬			35000	다이어리|플래너|가죽|고급|명품|교체형|연도|26년다이어리|26년 다이어리|2026년다이어리	1	20	3000			
3399	[세트] 27년 6공 속지 라이프로그 (포켓) 데일리 1일1면	23500	23500		https://orom.co.kr/product/detail.html?product_no=3399&cate_no=133&display_group=1&cafe_mkt=naver_ks&mkt_in=Y&ghost_mall_id=naver&ref=naver_open	https://orom.co.kr/product/detail.html?product_no=3399&cate_no=133&display_group=1&cafe_mkt=naver_ks	http://orom.co.kr/web/product/medium/202609/e2ff5590b60039b4f546c68f596cae8d_dburl.jpg			다이어리 · 속지					신상품				오롬	오롬			23500	다이어리|플래너|가죽|고급|명품|교체형|연도|시스템|바인더	1	27	3000			
3401	[세트] 27년 6공 속지 워크플래너 (포켓) 위클리 1주2면	17000	17000		https://orom.co.kr/product/detail.html?product_no=3401&cate_no=133&display_group=1&cafe_mkt=naver_ks&mkt_in=Y&ghost_mall_id=naver&ref=naver_open	https://orom.co.kr/product/detail.html?product_no=3401&cate_no=133&display_group=1&cafe_mkt=naver_ks	http://orom.co.kr/web/product/medium/202609/1427846d0c42b2dd892d6175d2e21f94_dburl.jpg			다이어리 · 속지					신상품				오롬	오롬			17000	다이어리|플래너|가죽|고급|명품|교체형|연도|시스템|바인더	1	44	3000			
3407	[세트] 27년 6공 속지 워크플래너 (중) 위클리 1주2면	20000	20000		https://orom.co.kr/product/detail.html?product_no=3407&cate_no=133&display_group=1&cafe_mkt=naver_ks&mkt_in=Y&ghost_mall_id=naver&ref=naver_open	https://orom.co.kr/product/detail.html?product_no=3407&cate_no=133&display_group=1&cafe_mkt=naver_ks	http://orom.co.kr/web/product/medium/202609/dd09c29a8a5a1ffda2ef0bcbdf1dafe0_dburl.jpg			다이어리 · 속지					신상품				오롬	오롬			20000	다이어리|플래너|가죽|고급|명품|교체형|연도|시스템|바인더	1	59	3000			
3412	[세트] 27년 6공 속지 워크플래너 (대) 위클리 1주2면	20000	20000		https://orom.co.kr/product/detail.html?product_no=3412&cate_no=133&display_group=1&cafe_mkt=naver_ks&mkt_in=Y&ghost_mall_id=naver&ref=naver_open	https://orom.co.kr/product/detail.html?product_no=3412&cate_no=133&display_group=1&cafe_mkt=naver_ks	http://orom.co.kr/web/product/medium/202609/83540bfcb59dd9e2249c4e7c22272441_dburl.jpg			다이어리 · 속지					신상품				오롬	오롬			20000	다이어리|플래너|가죽|고급|명품|교체형|연도|시스템|바인더	1	53	3000			
3415	북커버 미디엄 브레비타	52000	52000		https://orom.co.kr/product/detail.html?product_no=3415&cate_no=133&display_group=1&cafe_mkt=naver_ks&mkt_in=Y&ghost_mall_id=naver&ref=naver_open	https://orom.co.kr/product/detail.html?product_no=3415&cate_no=133&display_group=1&cafe_mkt=naver_ks	http://orom.co.kr/web/product/medium/202310/dab1c5dfc6a20db71122dd4a1001e6f7_dburl.jpg			다이어리 · 속지					신상품				오롬	오롬			52000	다이어리|플래너|가죽|고급|명품|교체형|연도	1	3	0			
3420	6공 오거나이저 (중) 콤비 다크브라운&베이지	145000	145000		https://orom.co.kr/product/detail.html?product_no=3420&cate_no=133&display_group=1&cafe_mkt=naver_ks&mkt_in=Y&ghost_mall_id=naver&ref=naver_open	https://orom.co.kr/product/detail.html?product_no=3420&cate_no=133&display_group=1&cafe_mkt=naver_ks	http://orom.co.kr/web/product/medium/202601/2cc559fe6d0d84cfda02c6affa219e85_dburl.png			다이어리 · 속지					신상품				오롬	오롬			145000	다이어리|플래너|가죽|고급|명품|교체형|연도|시스템|바인더|A6	1		0			
3421	6공 오거나이저 (중) 사피아노 콤비	58000	58000		https://orom.co.kr/product/detail.html?product_no=3421&cate_no=133&display_group=1&cafe_mkt=naver_ks&mkt_in=Y&ghost_mall_id=naver&ref=naver_open	https://orom.co.kr/product/detail.html?product_no=3421&cate_no=133&display_group=1&cafe_mkt=naver_ks	http://orom.co.kr/web/product/medium/202601/8fca26437f1381fbb44af279042f4eef_dburl.png			다이어리 · 속지					신상품				오롬	오롬			58000	다이어리|플래너|가죽|고급|명품|교체형|연도|시스템|바인더|A6	1	12	0			
3424	6공 오거나이저 (중) 택포인트 레드	78000	78000		https://orom.co.kr/product/detail.html?product_no=3424&cate_no=133&display_group=1&cafe_mkt=naver_ks&mkt_in=Y&ghost_mall_id=naver&ref=naver_open	https://orom.co.kr/product/detail.html?product_no=3424&cate_no=133&display_group=1&cafe_mkt=naver_ks	http://orom.co.kr/web/product/medium/202308/bf08f5859675be7a38c978eeda3d8e5c_dburl.jpg			다이어리 · 속지					신상품				오롬	오롬			78000	다이어리|플래너|가죽|고급|명품|교체형|연도|시스템|바인더	1	3	0			
3425	6공 오거나이저 (중) NEW 소프트 레드	145000	145000		https://orom.co.kr/product/detail.html?product_no=3425&cate_no=133&display_group=1&cafe_mkt=naver_ks&mkt_in=Y&ghost_mall_id=naver&ref=naver_open	https://orom.co.kr/product/detail.html?product_no=3425&cate_no=133&display_group=1&cafe_mkt=naver_ks	http://orom.co.kr/web/product/medium/202601/f19c3896a46fa018ac35599e2640141a_dburl.png			다이어리 · 속지					신상품				오롬	오롬			145000	다이어리|플래너|가죽|고급|명품|교체형|연도|시스템|바인더|A6	1		0			
3426	6공 오거나이저 (중) 재생 슬림 벨트	110000	110000		https://orom.co.kr/product/detail.html?product_no=3426&cate_no=133&display_group=1&cafe_mkt=naver_ks&mkt_in=Y&ghost_mall_id=naver&ref=naver_open	https://orom.co.kr/product/detail.html?product_no=3426&cate_no=133&display_group=1&cafe_mkt=naver_ks	http://orom.co.kr/web/product/medium/202601/d380641a99e008f444e091eba0e236b8_dburl.png			다이어리 · 속지					신상품				오롬	오롬			110000	다이어리|플래너|가죽|고급|명품|교체형|연도|시스템|바인더|A6	1	1	0			
3427	6공 오거나이저 (대) 재생 슬림 벨트 레드	125000	125000		https://orom.co.kr/product/detail.html?product_no=3427&cate_no=133&display_group=1&cafe_mkt=naver_ks&mkt_in=Y&ghost_mall_id=naver&ref=naver_open	https://orom.co.kr/product/detail.html?product_no=3427&cate_no=133&display_group=1&cafe_mkt=naver_ks	http://orom.co.kr/web/product/medium/202512/99bf87281d26675386bbb4971a9bd37a_dburl.png			다이어리 · 속지					신상품				오롬	오롬			125000	다이어리|플래너|가죽|고급|명품|교체형|연도|시스템|바인더|A5	1		0			
3428	6공 오거나이저 (대) 스퀘어	175000	175000		https://orom.co.kr/product/detail.html?product_no=3428&cate_no=133&display_group=1&cafe_mkt=naver_ks&mkt_in=Y&ghost_mall_id=naver&ref=naver_open	https://orom.co.kr/product/detail.html?product_no=3428&cate_no=133&display_group=1&cafe_mkt=naver_ks	http://orom.co.kr/web/product/medium/202512/844c4cbcb0b5f58cec91e4a604618716_dburl.png			다이어리 · 속지					신상품				오롬	오롬			175000	다이어리|플래너|가죽|고급|명품|교체형|연도|시스템|바인더|A5	1	7	0			
3429	만년필 전용 6공 속지 (대) 폴라 무선	12000	12000		https://orom.co.kr/product/detail.html?product_no=3429&cate_no=133&display_group=1&cafe_mkt=naver_ks&mkt_in=Y&ghost_mall_id=naver&ref=naver_open	https://orom.co.kr/product/detail.html?product_no=3429&cate_no=133&display_group=1&cafe_mkt=naver_ks	http://orom.co.kr/web/product/medium/202309/c869b8750b8addf067628731926cda37_dburl.jpg			다이어리 · 속지					신상품				오롬	오롬			12000	다이어리|플래너|가죽|고급|명품|교체형|연도|시스템|바인더	1	24	3000			
3433	카드홀더 자석형	69000	69000		https://orom.co.kr/product/detail.html?product_no=3433&cate_no=137&display_group=1&cafe_mkt=naver_ks&mkt_in=Y&ghost_mall_id=naver&ref=naver_open	https://orom.co.kr/product/detail.html?product_no=3433&cate_no=137&display_group=1&cafe_mkt=naver_ks	http://orom.co.kr/web/product/medium/202405/b1900269c6435c982bce2420e00fe2a8_dburl.jpg			지갑					신상품				오롬	오롬			69000	오롬|각인 지갑|오롬 카드지갑|가죽지갑|천연 가죽지갑|남자 지갑|여자 지갑|클래식 지갑|슬림 지갑|수제 지갑	1	299	0			
3434	카드홀더 자석형 와이드	69000	69000		https://orom.co.kr/product/detail.html?product_no=3434&cate_no=137&display_group=1&cafe_mkt=naver_ks&mkt_in=Y&ghost_mall_id=naver&ref=naver_open	https://orom.co.kr/product/detail.html?product_no=3434&cate_no=137&display_group=1&cafe_mkt=naver_ks	http://orom.co.kr/web/product/medium/202405/70e1589eb5d093241e7e5a52b44083b7_dburl.jpg			지갑					신상품				오롬	오롬			69000	오롬|각인 지갑|오롬 카드지갑|가죽지갑|천연 가죽지갑|남자 지갑|여자 지갑|클래식 지갑|슬림 지갑|수제 지갑	1	88	0			
3435	[ 2018년 ]커버 리필 핸디 자켓형 재생 린넨	62000	62000		https://orom.co.kr/product/detail.html?product_no=3435&cate_no=&display_group=1&cafe_mkt=naver_ks&mkt_in=Y&ghost_mall_id=naver&ref=naver_open	https://orom.co.kr/product/detail.html?product_no=3435&cate_no=&display_group=1&cafe_mkt=naver_ks	http://orom.co.kr/web/product/medium/202308/b296df5aa712f80139449931a614ff8f.jpg			기타					신상품				오롬	오롬			62000	다이어리|플래너|가죽|고급|명품|교체형|연도	1		0			
3436	27년 북커버 속지 라이프로그 미디엄 분권데일리 (낱권)	10000	10000		https://orom.co.kr/product/detail.html?product_no=3436&cate_no=133&display_group=1&cafe_mkt=naver_ks&mkt_in=Y&ghost_mall_id=naver&ref=naver_open	https://orom.co.kr/product/detail.html?product_no=3436&cate_no=133&display_group=1&cafe_mkt=naver_ks	http://orom.co.kr/web/product/medium/202609/0e46e1cf468c03e658590eb5ebf9bb21_dburl.jpg			다이어리 · 속지					신상품				오롬	오롬			10000	다이어리|플래너|가죽|고급|명품|교체형|연도|26년다이어리|26년 다이어리|2026년다이어리	1	20	3000			
3437	27년 북커버 속지 롱포켓 분권데일리 세트	29000	29000		https://orom.co.kr/product/detail.html?product_no=3437&cate_no=133&display_group=1&cafe_mkt=naver_ks&mkt_in=Y&ghost_mall_id=naver&ref=naver_open	https://orom.co.kr/product/detail.html?product_no=3437&cate_no=133&display_group=1&cafe_mkt=naver_ks	http://orom.co.kr/web/product/medium/202609/2e3e6f6cf052329d7f38f063c6d08acc_dburl.png			다이어리 · 속지					신상품				오롬	오롬			29000	다이어리|플래너|가죽|고급|명품|교체형|연도|26년다이어리|26년 다이어리|2026년다이어리	1	29	3000			
3438	27년 북커버 속지 라이프로그 라지 분권데일리 (낱권)	10000	10000		https://orom.co.kr/product/detail.html?product_no=3438&cate_no=133&display_group=1&cafe_mkt=naver_ks&mkt_in=Y&ghost_mall_id=naver&ref=naver_open	https://orom.co.kr/product/detail.html?product_no=3438&cate_no=133&display_group=1&cafe_mkt=naver_ks	http://orom.co.kr/web/product/medium/202609/8eaa807d267757d3cce35487115610db_dburl.jpg			다이어리 · 속지					신상품				오롬	오롬			10000	다이어리|플래너|가죽|고급|명품|교체형|연도|26년다이어리|26년 다이어리|2026년다이어리	1	39	3000			
3439	27년 북커버 속지 데스크핏 스키니먼슬리	9000	9000		https://orom.co.kr/product/detail.html?product_no=3439&cate_no=133&display_group=1&cafe_mkt=naver_ks&mkt_in=Y&ghost_mall_id=naver&ref=naver_open	https://orom.co.kr/product/detail.html?product_no=3439&cate_no=133&display_group=1&cafe_mkt=naver_ks	http://orom.co.kr/web/product/medium/202609/c76e7967a0a66826c7074724e91fa618_dburl.jpg			다이어리 · 속지					신상품				오롬	오롬			9000	다이어리|플래너|가죽|고급|명품|교체형|연도|26년다이어리|26년 다이어리|2026년다이어리	1	37	3000			
3472	[오롬×게으른 수프] 불렛저널 다이어리(만년형)	28000	28000		https://orom.co.kr/product/detail.html?product_no=3472&cate_no=134&display_group=1&cafe_mkt=naver_ks&mkt_in=Y&ghost_mall_id=naver&ref=naver_open	https://orom.co.kr/product/detail.html?product_no=3472&cate_no=134&display_group=1&cafe_mkt=naver_ks	http://orom.co.kr/web/product/medium/202411/977d1e8ea88255b6981b5ff269294e52_dburl.jpg			노트					신상품				오롬	오롬			28000		1	248	3000			
3474	만년필 케이스 3구 파티션	15000	15000		https://orom.co.kr/product/detail.html?product_no=3474&cate_no=191&display_group=1&cafe_mkt=naver_ks&mkt_in=Y&ghost_mall_id=naver&ref=naver_open	https://orom.co.kr/product/detail.html?product_no=3474&cate_no=191&display_group=1&cafe_mkt=naver_ks	http://orom.co.kr/web/product/medium/202310/57474742286c24874036525700c965ee_dburl.jpg			가죽 케이스	펜 케이스				신상품				오롬	오롬			15000		1		3000			
3494	(디자인 맞춤제작) 기업 다이어리 제작 - 법인용 단체용 회사용 다이어리	10000	10000		https://orom.co.kr/product/detail.html?product_no=3494&cate_no=232&display_group=1&cafe_mkt=naver_ks&mkt_in=Y&ghost_mall_id=naver&ref=naver_open	https://orom.co.kr/product/detail.html?product_no=3494&cate_no=232&display_group=1&cafe_mkt=naver_ks	http://orom.co.kr/web/product/medium/202508/f71629ec4822b5fb76f2b7958e2e7a42_dburl.png			기업/단체 다이어리					신상품	Y	도매		오롬	오롬		[무료 샘플 제공] 직접 찾아뵙고 상담해 드립니다	10000	기업|법인|기업 다이어리|기업용 다이어리|맞춤 다이어리|맞춤제작|2026기업다이어리|기업플래너|법인다이어리|법인제작	1		0			
3496	한지노트 사계	10000	10000		https://orom.co.kr/product/detail.html?product_no=3496&cate_no=134&display_group=1&cafe_mkt=naver_ks&mkt_in=Y&ghost_mall_id=naver&ref=naver_open	https://orom.co.kr/product/detail.html?product_no=3496&cate_no=134&display_group=1&cafe_mkt=naver_ks	http://orom.co.kr/web/product/medium/202410/6a2792a5b012fa26a0572b3b6d1f7eb5_dburl.jpg			노트					신상품				오롬	오롬			10000	오롬|각인 노트|노트|공책|디자인 노트|디자인 공책|점선 노트|점선 공책|그리드 노트|그리드 공책	1	3	3000			
3500	한지노트 산	10000	10000		https://orom.co.kr/product/detail.html?product_no=3500&cate_no=134&display_group=1&cafe_mkt=naver_ks&mkt_in=Y&ghost_mall_id=naver&ref=naver_open	https://orom.co.kr/product/detail.html?product_no=3500&cate_no=134&display_group=1&cafe_mkt=naver_ks	http://orom.co.kr/web/product/medium/202403/57009300d00ed80493edd48dfe225657_dburl.jpg			노트					신상품				오롬	오롬			10000	오롬|각인 노트|노트|공책|디자인 노트|디자인 공책|점선 노트|점선 공책|그리드 노트|그리드 공책	1	46	3000			
3532	6공 속지 pod (중) 포토 커버 16 type	2000	2000		https://orom.co.kr/product/detail.html?product_no=3532&cate_no=142&display_group=1&cafe_mkt=naver_ks&mkt_in=Y&ghost_mall_id=naver&ref=naver_open	https://orom.co.kr/product/detail.html?product_no=3532&cate_no=142&display_group=1&cafe_mkt=naver_ks	http://orom.co.kr/web/product/medium/202312/564b7c6f97bc861576c2657d52c7e03d_dburl.jpg			다이어리 · 속지	6공 속지				신상품				오롬	오롬			2000		1	23	3000			
3533	6공 속지 pod (중) 프리노트 7 type	2500	2500		https://orom.co.kr/product/detail.html?product_no=3533&cate_no=142&display_group=1&cafe_mkt=naver_ks&mkt_in=Y&ghost_mall_id=naver&ref=naver_open	https://orom.co.kr/product/detail.html?product_no=3533&cate_no=142&display_group=1&cafe_mkt=naver_ks	http://orom.co.kr/web/product/medium/202312/3d67b01d2d207f7c77ff2e61ae20a55a_dburl.jpg			다이어리 · 속지	6공 속지				신상품				오롬	오롬			2500		1	21	3000			
3534	6공 속지 pod (중) 만년형 데일리	4500	4500		https://orom.co.kr/product/detail.html?product_no=3534&cate_no=142&display_group=1&cafe_mkt=naver_ks&mkt_in=Y&ghost_mall_id=naver&ref=naver_open	https://orom.co.kr/product/detail.html?product_no=3534&cate_no=142&display_group=1&cafe_mkt=naver_ks	http://orom.co.kr/web/product/medium/202312/3519912962a540987f9d7be887b28c07_dburl.jpg			다이어리 · 속지	6공 속지				신상품				오롬	오롬			4500	다이어리|플래너|가죽|고급|명품|양장|연도|만년|6공|시스템	1	5	3000			
3535	6공 속지 pod (중) 만년형 위클리 2 type	3000	3000		https://orom.co.kr/product/detail.html?product_no=3535&cate_no=142&display_group=1&cafe_mkt=naver_ks&mkt_in=Y&ghost_mall_id=naver&ref=naver_open	https://orom.co.kr/product/detail.html?product_no=3535&cate_no=142&display_group=1&cafe_mkt=naver_ks	http://orom.co.kr/web/product/medium/202312/65c4ead17c959f037d86f9db6371bc71_dburl.jpg			다이어리 · 속지	6공 속지				신상품				오롬	오롬			3000	다이어리|플래너|가죽|고급|명품|양장|연도|만년|6공|시스템	1	15	3000			
3536	6공 속지 pod (중) 만년형 먼슬리 3 type	4000	4000		https://orom.co.kr/product/detail.html?product_no=3536&cate_no=142&display_group=1&cafe_mkt=naver_ks&mkt_in=Y&ghost_mall_id=naver&ref=naver_open	https://orom.co.kr/product/detail.html?product_no=3536&cate_no=142&display_group=1&cafe_mkt=naver_ks	http://orom.co.kr/web/product/medium/202312/0a9744801190b0629c12607566866904_dburl.jpg			다이어리 · 속지	6공 속지				신상품				오롬	오롬			4000	다이어리|플래너|가죽|고급|명품|양장|연도|만년|6공|시스템	1	21	3000			
3537	6공 속지 pod (중) 만년형 연간 계획	2000	2000		https://orom.co.kr/product/detail.html?product_no=3537&cate_no=142&display_group=1&cafe_mkt=naver_ks&mkt_in=Y&ghost_mall_id=naver&ref=naver_open	https://orom.co.kr/product/detail.html?product_no=3537&cate_no=142&display_group=1&cafe_mkt=naver_ks	http://orom.co.kr/web/product/medium/202312/3bc1ecc5b26d3483306e99cc486ee982_dburl.jpg			다이어리 · 속지	6공 속지				신상품				오롬	오롬			2000	다이어리|플래너|가죽|고급|명품|양장|연도|만년|6공|시스템	1	4	3000			
3538	6공 속지 pod (중) 플랜키퍼 3 type	2000	2000		https://orom.co.kr/product/detail.html?product_no=3538&cate_no=142&display_group=1&cafe_mkt=naver_ks&mkt_in=Y&ghost_mall_id=naver&ref=naver_open	https://orom.co.kr/product/detail.html?product_no=3538&cate_no=142&display_group=1&cafe_mkt=naver_ks	http://orom.co.kr/web/product/medium/202312/e882b509d7ebe0c28d4a36dc3b014787_dburl.jpg			다이어리 · 속지	6공 속지				신상품				오롬	오롬			2000	스케줄	1	20	3000			
3539	6공 속지 pod (중) 아카이브 4 type	2000	2000		https://orom.co.kr/product/detail.html?product_no=3539&cate_no=142&display_group=1&cafe_mkt=naver_ks&mkt_in=Y&ghost_mall_id=naver&ref=naver_open	https://orom.co.kr/product/detail.html?product_no=3539&cate_no=142&display_group=1&cafe_mkt=naver_ks	http://orom.co.kr/web/product/medium/202312/d41f2c64d647b023da98524c87c70257_dburl.jpg			다이어리 · 속지	6공 속지				신상품				오롬	오롬			2000	문화생활	1	9	3000			
3540	6공 속지 pod (중) 리뷰 4 type	5000	5000		https://orom.co.kr/product/detail.html?product_no=3540&cate_no=142&display_group=1&cafe_mkt=naver_ks&mkt_in=Y&ghost_mall_id=naver&ref=naver_open	https://orom.co.kr/product/detail.html?product_no=3540&cate_no=142&display_group=1&cafe_mkt=naver_ks	http://orom.co.kr/web/product/medium/202312/68c593a7b0355d626e07250472133cc5_dburl.jpg			다이어리 · 속지	6공 속지				신상품				오롬	오롬			5000	문화생활	1	13	3000			
3541	6공 속지 pod (중) 리스트 3 type	2000	2000		https://orom.co.kr/product/detail.html?product_no=3541&cate_no=142&display_group=1&cafe_mkt=naver_ks&mkt_in=Y&ghost_mall_id=naver&ref=naver_open	https://orom.co.kr/product/detail.html?product_no=3541&cate_no=142&display_group=1&cafe_mkt=naver_ks	http://orom.co.kr/web/product/medium/202312/af93180891892bdf706692215160c486_dburl.jpg			다이어리 · 속지	6공 속지				신상품				오롬	오롬			2000	문화생활	1	11	3000			
3542	[세트] 6공 속지 pod (중) 목표 달성	18000	18000		https://orom.co.kr/product/detail.html?product_no=3542&cate_no=142&display_group=1&cafe_mkt=naver_ks&mkt_in=Y&ghost_mall_id=naver&ref=naver_open	https://orom.co.kr/product/detail.html?product_no=3542&cate_no=142&display_group=1&cafe_mkt=naver_ks	http://orom.co.kr/web/product/medium/202312/c4b9c800512849a25a05e3b22291786d_dburl.jpg			다이어리 · 속지	6공 속지				신상품				오롬	오롬			18000	스케줄	1	3	3000			
3543	[세트] 6공 속지 pod (중) 공연 관람	18000	18000		https://orom.co.kr/product/detail.html?product_no=3543&cate_no=142&display_group=1&cafe_mkt=naver_ks&mkt_in=Y&ghost_mall_id=naver&ref=naver_open	https://orom.co.kr/product/detail.html?product_no=3543&cate_no=142&display_group=1&cafe_mkt=naver_ks	http://orom.co.kr/web/product/medium/202312/959162b4a2e73285c86a0c846143faf5_dburl.jpg			다이어리 · 속지	6공 속지				신상품				오롬	오롬			18000	문화생활	1		3000			
3544	[세트] 6공 속지 pod (중) 영화 감상	18000	18000		https://orom.co.kr/product/detail.html?product_no=3544&cate_no=142&display_group=1&cafe_mkt=naver_ks&mkt_in=Y&ghost_mall_id=naver&ref=naver_open	https://orom.co.kr/product/detail.html?product_no=3544&cate_no=142&display_group=1&cafe_mkt=naver_ks	http://orom.co.kr/web/product/medium/202312/498d07cc4d00d1b84fbec5a6b30e815b_dburl.jpg			다이어리 · 속지	6공 속지				신상품				오롬	오롬			18000	문화생활	1	1	3000			
3545	[세트] 6공 속지 pod (중) 독서 기록	19000	19000		https://orom.co.kr/product/detail.html?product_no=3545&cate_no=142&display_group=1&cafe_mkt=naver_ks&mkt_in=Y&ghost_mall_id=naver&ref=naver_open	https://orom.co.kr/product/detail.html?product_no=3545&cate_no=142&display_group=1&cafe_mkt=naver_ks	http://orom.co.kr/web/product/medium/202312/8fd86ee87be1ec272140cfe08efe1641_dburl.jpg			다이어리 · 속지	6공 속지				신상품				오롬	오롬			19000	문화생활	1	1	3000			
3594	한지노트 숲	12000	12000		https://orom.co.kr/product/detail.html?product_no=3594&cate_no=134&display_group=1&cafe_mkt=naver_ks&mkt_in=Y&ghost_mall_id=naver&ref=naver_open	https://orom.co.kr/product/detail.html?product_no=3594&cate_no=134&display_group=1&cafe_mkt=naver_ks	http://orom.co.kr/web/product/medium/202401/14b4d8f4100b294fa1d5761e581f2a56_dburl.jpg			노트					신상품				오롬	오롬			12000	오롬|각인 노트|노트|공책|디자인 노트|디자인 공책|점선 노트|점선 공책|그리드 노트|그리드 공책	1	4	3000			
3599	북커버 롱포켓 페블	68000	68000		https://orom.co.kr/product/detail.html?product_no=3599&cate_no=133&display_group=1&cafe_mkt=naver_ks&mkt_in=Y&ghost_mall_id=naver&ref=naver_open	https://orom.co.kr/product/detail.html?product_no=3599&cate_no=133&display_group=1&cafe_mkt=naver_ks	http://orom.co.kr/web/product/medium/202411/de64b7f79348f0cfa032bda274371ecb_dburl.jpg			다이어리 · 속지					신상품				오롬	오롬			68000	다이어리|플래너|가죽|고급|명품|리필|커버	1	10	0			
3600	북커버 숏포켓 페블	65000	65000		https://orom.co.kr/product/detail.html?product_no=3600&cate_no=133&display_group=1&cafe_mkt=naver_ks&mkt_in=Y&ghost_mall_id=naver&ref=naver_open	https://orom.co.kr/product/detail.html?product_no=3600&cate_no=133&display_group=1&cafe_mkt=naver_ks	http://orom.co.kr/web/product/medium/202411/5cb85c7875f469e2dc7a4f729b9b8edc_dburl.jpg			다이어리 · 속지					신상품				오롬	오롬			65000	다이어리|플래너|가죽|고급|명품|리필|커버	1	2	0			
3616	필사노트 수집 : 월든	27000	27000		https://orom.co.kr/product/detail.html?product_no=3616&cate_no=216&display_group=1&cafe_mkt=naver_ks&mkt_in=Y&ghost_mall_id=naver&ref=naver_open	https://orom.co.kr/product/detail.html?product_no=3616&cate_no=216&display_group=1&cafe_mkt=naver_ks	http://orom.co.kr/web/product/medium/202404/68e454931d44e682b852d1e88ed9dae4_dburl.png			인기 제품					신상품				오롬	오롬			27000		1	78	3000			
3625	CD노트 미디엄	18000	18000		https://orom.co.kr/product/detail.html?product_no=3625&cate_no=183&display_group=1&cafe_mkt=naver_ks&mkt_in=Y&ghost_mall_id=naver&ref=naver_open	https://orom.co.kr/product/detail.html?product_no=3625&cate_no=183&display_group=1&cafe_mkt=naver_ks	http://orom.co.kr/web/product/medium/202404/cb5c3ae0fcd250bb8b8bdb4a711b6b40_dburl.jpg			노트	컨셉노트				신상품				오롬	오롬			18000		1		3000			
3628	레코드노트 미디엄 콜라보레이션 #1 퍼플웨일	17500	17500		https://orom.co.kr/product/detail.html?product_no=3628&cate_no=181&display_group=1&cafe_mkt=naver_ks&mkt_in=Y&ghost_mall_id=naver&ref=naver_open	https://orom.co.kr/product/detail.html?product_no=3628&cate_no=181&display_group=1&cafe_mkt=naver_ks	http://orom.co.kr/web/product/medium/202404/b4ff0f6ebc00bee4c487e5d70f817966_dburl.jpg			노트	레코드노트				신상품				오롬	오롬			17500		1	3	3000			
3635	멀티파우치 플랩	85000	85000		https://orom.co.kr/product/detail.html?product_no=3635&cate_no=137&display_group=1&cafe_mkt=naver_ks&mkt_in=Y&ghost_mall_id=naver&ref=naver_open	https://orom.co.kr/product/detail.html?product_no=3635&cate_no=137&display_group=1&cafe_mkt=naver_ks	http://orom.co.kr/web/product/medium/202405/012b262077abbce7c4eca254e9d7816f_dburl.jpg			지갑					신상품				오롬	오롬			85000		1		0			
3641	명함지갑 페블	65000	65000		https://orom.co.kr/product/detail.html?product_no=3641&cate_no=137&display_group=1&cafe_mkt=naver_ks&mkt_in=Y&ghost_mall_id=naver&ref=naver_open	https://orom.co.kr/product/detail.html?product_no=3641&cate_no=137&display_group=1&cafe_mkt=naver_ks	http://orom.co.kr/web/product/medium/202409/5dda27e4dcc1f89e7b342712a211698c_dburl.jpg			지갑					신상품				오롬	오롬			65000		1	14	0			
3644	롱플레잉 키링	5000	5000		https://orom.co.kr/product/detail.html?product_no=3644&cate_no=181&display_group=1&cafe_mkt=naver_ks&mkt_in=Y&ghost_mall_id=naver&ref=naver_open	https://orom.co.kr/product/detail.html?product_no=3644&cate_no=181&display_group=1&cafe_mkt=naver_ks	http://orom.co.kr/web/product/medium/202406/a11d2fa4794f989b6166bfd1d832f530_dburl.jpg			노트	레코드노트				신상품				오롬	오롬			5000		1	43	3000			
3648	롱플레잉 리유저블백	5000	5000		https://orom.co.kr/product/detail.html?product_no=3648&cate_no=&display_group=1&cafe_mkt=naver_ks&mkt_in=Y&ghost_mall_id=naver&ref=naver_open	https://orom.co.kr/product/detail.html?product_no=3648&cate_no=&display_group=1&cafe_mkt=naver_ks	http://orom.co.kr/web/product/medium/202406/e5e624c3330d332e2e045fecbb916826_dburl.jpg			기타					신상품				오롬	오롬			5000		1		3000			
3652	만년필 케이스 1구 레인	105000	105000		https://orom.co.kr/product/detail.html?product_no=3652&cate_no=135&display_group=1&cafe_mkt=naver_ks&mkt_in=Y&ghost_mall_id=naver&ref=naver_open	https://orom.co.kr/product/detail.html?product_no=3652&cate_no=135&display_group=1&cafe_mkt=naver_ks	http://orom.co.kr/web/product/medium/202411/b50e486e05af95d71e74f73c9f75bad6_dburl.jpg			만년필 용품					신상품				오롬	오롬			105000		1	7	0			
3656	레코드노트 스크랩북 어센틱블루	27400	27400		https://orom.co.kr/product/detail.html?product_no=3656&cate_no=134&display_group=1&cafe_mkt=naver_ks&mkt_in=Y&ghost_mall_id=naver&ref=naver_open	https://orom.co.kr/product/detail.html?product_no=3656&cate_no=134&display_group=1&cafe_mkt=naver_ks	http://orom.co.kr/web/product/medium/202406/22b2bb3127092560c55edde72c84ec51_dburl.jpg			노트					신상품				오롬	오롬			27400		1	4	3000			
3658	만년필노트 테일 : 오만과 편견	21000	21000		https://orom.co.kr/product/detail.html?product_no=3658&cate_no=134&display_group=1&cafe_mkt=naver_ks&mkt_in=Y&ghost_mall_id=naver&ref=naver_open	https://orom.co.kr/product/detail.html?product_no=3658&cate_no=134&display_group=1&cafe_mkt=naver_ks	http://orom.co.kr/web/product/medium/202406/f9accad145f3ce25c7a9f1c8486cf5a6_dburl.jpg			노트					신상품				오롬	오롬			21000		1	7	3000			
3659	필사노트 수집 : 하늘과 바람과 별과 시	27000	27000		https://orom.co.kr/product/detail.html?product_no=3659&cate_no=134&display_group=1&cafe_mkt=naver_ks&mkt_in=Y&ghost_mall_id=naver&ref=naver_open	https://orom.co.kr/product/detail.html?product_no=3659&cate_no=134&display_group=1&cafe_mkt=naver_ks	http://orom.co.kr/web/product/medium/202406/1789a78830e6518a8f9665976416e79e_dburl.jpg			노트					신상품				오롬	오롬			27000		1	41	3000			
3660	독서노트 : 독서록	29000	29000		https://orom.co.kr/product/detail.html?product_no=3660&cate_no=134&display_group=1&cafe_mkt=naver_ks&mkt_in=Y&ghost_mall_id=naver&ref=naver_open	https://orom.co.kr/product/detail.html?product_no=3660&cate_no=134&display_group=1&cafe_mkt=naver_ks	http://orom.co.kr/web/product/medium/202406/855060cdb7b922877c6045f78a8c19cd_dburl.jpg			노트					신상품				오롬	오롬			29000		1	13	3000			
3668	노트패드 A4 페블	190000	190000		https://orom.co.kr/product/detail.html?product_no=3668&cate_no=133&display_group=1&cafe_mkt=naver_ks&mkt_in=Y&ghost_mall_id=naver&ref=naver_open	https://orom.co.kr/product/detail.html?product_no=3668&cate_no=133&display_group=1&cafe_mkt=naver_ks	http://orom.co.kr/web/product/medium/202407/cf7c818ff7192695e5763359e8104e3c_dburl.jpg			다이어리 · 속지					신상품				오롬	오롬			190000	라이팅패드	1	3	0			
3669	노트패드 A5 페블	135000	135000		https://orom.co.kr/product/detail.html?product_no=3669&cate_no=133&display_group=1&cafe_mkt=naver_ks&mkt_in=Y&ghost_mall_id=naver&ref=naver_open	https://orom.co.kr/product/detail.html?product_no=3669&cate_no=133&display_group=1&cafe_mkt=naver_ks	http://orom.co.kr/web/product/medium/202407/93a29621542f5dfcb1233cbb0c58d45d_dburl.jpg			다이어리 · 속지					신상품				오롬	오롬			135000	메모패드	1	3	0			
3671	노트패드 A4 샌디	90000	90000		https://orom.co.kr/product/detail.html?product_no=3671&cate_no=133&display_group=1&cafe_mkt=naver_ks&mkt_in=Y&ghost_mall_id=naver&ref=naver_open	https://orom.co.kr/product/detail.html?product_no=3671&cate_no=133&display_group=1&cafe_mkt=naver_ks	http://orom.co.kr/web/product/medium/202407/becc5086326e571cd2e7e894bc03f1d0_dburl.jpg			다이어리 · 속지					신상품				오롬	오롬			90000	노트패드 A4	1	26	0			
3672	노트패드 A5 샌디	79000	79000		https://orom.co.kr/product/detail.html?product_no=3672&cate_no=133&display_group=1&cafe_mkt=naver_ks&mkt_in=Y&ghost_mall_id=naver&ref=naver_open	https://orom.co.kr/product/detail.html?product_no=3672&cate_no=133&display_group=1&cafe_mkt=naver_ks	http://orom.co.kr/web/product/medium/202411/ab6fb339e15068d89ef3cee89a8e7b4e_dburl.jpg			다이어리 · 속지					신상품				오롬	오롬			79000	메모패드	1	10	0			
3695	27년 북커버 속지 롱포켓 분권데일리 낱권	9000	9000		https://orom.co.kr/product/detail.html?product_no=3695&cate_no=133&display_group=1&cafe_mkt=naver_ks&mkt_in=Y&ghost_mall_id=naver&ref=naver_open	https://orom.co.kr/product/detail.html?product_no=3695&cate_no=133&display_group=1&cafe_mkt=naver_ks	http://orom.co.kr/web/product/medium/202609/80208574d851c447544318ed0aeb894d_dburl.jpg			다이어리 · 속지					신상품				오롬	오롬			9000	다이어리|플래너|가죽|고급|명품|교체형|연도|26년다이어리|26년 다이어리|2026년다이어리	1	4	3000			
3707	[오롬X휴쌤과그려요] 인생 드로잉북	26500	26500		https://orom.co.kr/product/detail.html?product_no=3707&cate_no=134&display_group=1&cafe_mkt=naver_ks&mkt_in=Y&ghost_mall_id=naver&ref=naver_open	https://orom.co.kr/product/detail.html?product_no=3707&cate_no=134&display_group=1&cafe_mkt=naver_ks	http://orom.co.kr/web/product/medium/202411/4dc4e8045be7e07abebe3f6cce085321_dburl.jpg			노트					신상품				오롬	오롬			26500		1	27	3000			
3718	27년 북커버 속지 워크플래너 미디엄 슬림먼슬리	13000	13000		https://orom.co.kr/product/detail.html?product_no=3718&cate_no=133&display_group=1&cafe_mkt=naver_ks&mkt_in=Y&ghost_mall_id=naver&ref=naver_open	https://orom.co.kr/product/detail.html?product_no=3718&cate_no=133&display_group=1&cafe_mkt=naver_ks	http://orom.co.kr/web/product/medium/202609/a8c3ebc6744b10fc9b2f61d0c5f2522b_dburl.jpg			다이어리 · 속지					신상품				오롬	오롬			13000	속지|다이어리|플래너|가죽|고급|명품|리필|커버|26년다이어리|26년 다이어리	1	5	3000			
3725	필사노트 수집 : 나를 깨우는 니체의 말	27000	27000		https://orom.co.kr/product/detail.html?product_no=3725&cate_no=134&display_group=1&cafe_mkt=naver_ks&mkt_in=Y&ghost_mall_id=naver&ref=naver_open	https://orom.co.kr/product/detail.html?product_no=3725&cate_no=134&display_group=1&cafe_mkt=naver_ks	http://orom.co.kr/web/product/medium/202411/445cccb6475b135b2ed3035efc409dfe_dburl.jpg			노트					신상품				오롬	오롬			27000		1	34	3000			
3735	레코드노트 미디엄 콜라보레이션 #2 사가	17500	17500		https://orom.co.kr/product/detail.html?product_no=3735&cate_no=181&display_group=1&cafe_mkt=naver_ks&mkt_in=Y&ghost_mall_id=naver&ref=naver_open	https://orom.co.kr/product/detail.html?product_no=3735&cate_no=181&display_group=1&cafe_mkt=naver_ks	http://orom.co.kr/web/product/medium/202412/b1cda1019d6a1fe686fbbe728a2bbdd2_dburl.jpg			노트	레코드노트				신상품				오롬	오롬			17500		1	2	3000			
3740	노트패드 A5 스크라운드	110000	110000		https://orom.co.kr/product/detail.html?product_no=3740&cate_no=133&display_group=1&cafe_mkt=naver_ks&mkt_in=Y&ghost_mall_id=naver&ref=naver_open	https://orom.co.kr/product/detail.html?product_no=3740&cate_no=133&display_group=1&cafe_mkt=naver_ks	http://orom.co.kr/web/product/medium/202412/4ba4de0edb250834fb4ceee5ae4c09bb_dburl.jpg			다이어리 · 속지					신상품				오롬	오롬			110000	메모패드	1	6	0			
3742	노트패드 A4 스크라운드	140000	140000		https://orom.co.kr/product/detail.html?product_no=3742&cate_no=133&display_group=1&cafe_mkt=naver_ks&mkt_in=Y&ghost_mall_id=naver&ref=naver_open	https://orom.co.kr/product/detail.html?product_no=3742&cate_no=133&display_group=1&cafe_mkt=naver_ks	http://orom.co.kr/web/product/medium/202412/5fbfff842e5df9405a92b286cf2811b4_dburl.jpg			다이어리 · 속지					신상품				오롬	오롬			140000	메모패드	1	2	0			
3743	보틀백 1구 포레	58000	58000		https://orom.co.kr/product/detail.html?product_no=3743&cate_no=136&display_group=1&cafe_mkt=naver_ks&mkt_in=Y&ghost_mall_id=naver&ref=naver_open	https://orom.co.kr/product/detail.html?product_no=3743&cate_no=136&display_group=1&cafe_mkt=naver_ks	http://orom.co.kr/web/product/medium/202412/34ea4f70a450f9460bd4928b59feff4e_dburl.jpg			가죽 케이스					신상품				오롬	오롬			58000	와인캐리어|와인백|보틀캐리어|보틀백|주류가방|주류백|와인가방|위스키백	1	18	0			
3744	[오롬X자도르] 마이 베이킹 노트	26000	26000		https://orom.co.kr/product/detail.html?product_no=3744&cate_no=183&display_group=1&cafe_mkt=naver_ks&mkt_in=Y&ghost_mall_id=naver&ref=naver_open	https://orom.co.kr/product/detail.html?product_no=3744&cate_no=183&display_group=1&cafe_mkt=naver_ks	http://orom.co.kr/web/product/medium/202412/6e79a53902bb9eac80fb02d0e26165b9_dburl.jpg			노트	컨셉노트				신상품				오롬	오롬			26000		1	14	3000			
3778	[Only My _ NOTE] 필사노트 수집 세트	72000	72000		https://orom.co.kr/product/detail.html?product_no=3778&cate_no=332&display_group=1&cafe_mkt=naver_ks&mkt_in=Y&ghost_mall_id=naver&ref=naver_open	https://orom.co.kr/product/detail.html?product_no=3778&cate_no=332&display_group=1&cafe_mkt=naver_ks	http://orom.co.kr/web/product/medium/202503/d6d68c63a83b443e376f153259a5951a_dburl.png			노트	필사노트				신상품				오롬	오롬			72000		1	9	0			
3779	[Only My _ NOTE] 한지노트 산 세트	36000	36000		https://orom.co.kr/product/detail.html?product_no=3779&cate_no=180&display_group=1&cafe_mkt=naver_ks&mkt_in=Y&ghost_mall_id=naver&ref=naver_open	https://orom.co.kr/product/detail.html?product_no=3779&cate_no=180&display_group=1&cafe_mkt=naver_ks	http://orom.co.kr/web/product/medium/202503/15eac60c20a8fa915a216f568af37ce6_dburl.png			노트	한지노트				신상품				오롬	오롬			36000		1	6	3000			
3780	[Only My _ NOTE] 레코드노트 프리라벨 미디엄 세트	48000	48000		https://orom.co.kr/product/detail.html?product_no=3780&cate_no=181&display_group=1&cafe_mkt=naver_ks&mkt_in=Y&ghost_mall_id=naver&ref=naver_open	https://orom.co.kr/product/detail.html?product_no=3780&cate_no=181&display_group=1&cafe_mkt=naver_ks	http://orom.co.kr/web/product/medium/202503/27fba514a9e578fa09b7d5a659ca2525_dburl.png			노트	레코드노트				신상품				오롬	오롬			48000		1	11	0			
3781	[Only My _ NOTE] 만년필노트 폴라 미디엄 세트	33000	33000		https://orom.co.kr/product/detail.html?product_no=3781&cate_no=178&display_group=1&cafe_mkt=naver_ks&mkt_in=Y&ghost_mall_id=naver&ref=naver_open	https://orom.co.kr/product/detail.html?product_no=3781&cate_no=178&display_group=1&cafe_mkt=naver_ks	http://orom.co.kr/web/product/medium/202503/841da3f92c69138e762d87e7f5b29f30_dburl.png			노트	만년필노트				신상품				오롬	오롬			33000		1	7	3000			
3788	만년필 케이스 12구 와일드 엘크	330000	330000		https://orom.co.kr/product/detail.html?product_no=3788&cate_no=135&display_group=1&cafe_mkt=naver_ks&mkt_in=Y&ghost_mall_id=naver&ref=naver_open	https://orom.co.kr/product/detail.html?product_no=3788&cate_no=135&display_group=1&cafe_mkt=naver_ks	http://orom.co.kr/web/product/medium/202503/f98508053edbfdf4c8ff532e84268b05_dburl.png			만년필 용품					신상품				오롬	오롬			330000	천연레인|핸드메이드|수제|가죽|고급|선물|수납|만년필|파우치|케이스	1	1	0			
3790	필사노트 수집 : 이솝 우화	27000	27000		https://orom.co.kr/product/detail.html?product_no=3790&cate_no=134&display_group=1&cafe_mkt=naver_ks&mkt_in=Y&ghost_mall_id=naver&ref=naver_open	https://orom.co.kr/product/detail.html?product_no=3790&cate_no=134&display_group=1&cafe_mkt=naver_ks	http://orom.co.kr/web/product/medium/202503/4ac610d00c4fcbb2fd44c9d300bfb502_dburl.jpg			노트					신상품				오롬	오롬			27000		1	15	3000			
3797	노트패드 A5 카드홀더형	170000	170000		https://orom.co.kr/product/detail.html?product_no=3797&cate_no=133&display_group=1&cafe_mkt=naver_ks&mkt_in=Y&ghost_mall_id=naver&ref=naver_open	https://orom.co.kr/product/detail.html?product_no=3797&cate_no=133&display_group=1&cafe_mkt=naver_ks	http://orom.co.kr/web/product/medium/202505/7b5a543441fd205cf8c154cd4ac83a89_dburl.jpg			다이어리 · 속지					신상품				오롬	오롬			170000	A5|커버|사무|리갈패드	1	2	0			
3809	에버펜슬 펜슬캡 세트	15000	15000		https://orom.co.kr/product/detail.html?product_no=3809&cate_no=136&display_group=1&cafe_mkt=naver_ks&mkt_in=Y&ghost_mall_id=naver&ref=naver_open	https://orom.co.kr/product/detail.html?product_no=3809&cate_no=136&display_group=1&cafe_mkt=naver_ks	http://orom.co.kr/web/product/medium/202507/22f3b2b18e289f28c2ecdc3af6b6a789_dburl.jpg			가죽 케이스					신상품			AC001K	오롬	오롬			15000		1	39	3000			
3814	하트 키링	15000	15000		https://orom.co.kr/product/detail.html?product_no=3814&cate_no=136&display_group=1&cafe_mkt=naver_ks&mkt_in=Y&ghost_mall_id=naver&ref=naver_open	https://orom.co.kr/product/detail.html?product_no=3814&cate_no=136&display_group=1&cafe_mkt=naver_ks	http://orom.co.kr/web/product/medium/202507/c351fe73c7225428eff442b3a6a4b7c9_dburl.jpg			가죽 케이스					신상품				오롬	오롬			15000		1		3000			
3815	크래커 키링	15000	15000		https://orom.co.kr/product/detail.html?product_no=3815&cate_no=136&display_group=1&cafe_mkt=naver_ks&mkt_in=Y&ghost_mall_id=naver&ref=naver_open	https://orom.co.kr/product/detail.html?product_no=3815&cate_no=136&display_group=1&cafe_mkt=naver_ks	http://orom.co.kr/web/product/medium/202507/e14d3411b779f82b5f6fe1d7a6e4bede_dburl.jpg			가죽 케이스					신상품				오롬	오롬			15000		1		3000			
3823	회사 다이어리 (무료 샘플 제공) 맞춤 제작 기업용 다이어리	10000	10000		https://orom.co.kr/product/detail.html?product_no=3823&cate_no=232&display_group=1&cafe_mkt=naver_ks&mkt_in=Y&ghost_mall_id=naver&ref=naver_open	https://orom.co.kr/product/detail.html?product_no=3823&cate_no=232&display_group=1&cafe_mkt=naver_ks	http://orom.co.kr/web/product/medium/202508/14d2b711c95f10c7ecbe313533f93119_dburl.png			기업/단체 다이어리					신상품	Y	도매		오롬	오롬		[무료 샘플 제공] 직접 찾아뵙고 상담해 드립니다	10000	기업|법인|기업 다이어리|기업용 다이어리|맞춤 다이어리|맞춤제작|2026기업다이어리|기업플래너|법인다이어리|법인제작	1		0			
3824	100% 국내 제작 기업 다이어리 맞춤 - 중국산X 국내생산O	10000	10000		https://orom.co.kr/product/detail.html?product_no=3824&cate_no=232&display_group=1&cafe_mkt=naver_ks&mkt_in=Y&ghost_mall_id=naver&ref=naver_open	https://orom.co.kr/product/detail.html?product_no=3824&cate_no=232&display_group=1&cafe_mkt=naver_ks	http://orom.co.kr/web/product/medium/202508/f9f0c25d00c2dab8a3ee256bbd5b0f24_dburl.png			기업/단체 다이어리					신상품	Y	도매		오롬	오롬		[무료 샘플 제공] 직접 찾아뵙고 상담해 드립니다	10000	기업|법인|기업 다이어리|기업용 다이어리|맞춤 다이어리|맞춤제작|2026기업다이어리|기업플래너|법인다이어리|법인제작	1		0			
3825	다이어리 제작 납품 (100% 납기 준수) 디자인 제공 국내 생산 샘플 무료제공	10000	10000		https://orom.co.kr/product/detail.html?product_no=3825&cate_no=232&display_group=1&cafe_mkt=naver_ks&mkt_in=Y&ghost_mall_id=naver&ref=naver_open	https://orom.co.kr/product/detail.html?product_no=3825&cate_no=232&display_group=1&cafe_mkt=naver_ks	http://orom.co.kr/web/product/medium/202508/35aab6179d6f12419a8e7399550200a7_dburl.png			기업/단체 다이어리					신상품	Y	도매		오롬	오롬		[무료 샘플 제공] 직접 찾아뵙고 상담해 드립니다	10000	기업|법인|기업 다이어리|기업용 다이어리|맞춤 다이어리|맞춤제작|2026기업다이어리|기업플래너|법인다이어리|법인제작	1		0			
3826	사장님 결재 프리패스 다이어리 - 디자인 구성, 무료 샘플 제공 담당자가 편한 다이어리 제작	10000	10000		https://orom.co.kr/product/detail.html?product_no=3826&cate_no=232&display_group=1&cafe_mkt=naver_ks&mkt_in=Y&ghost_mall_id=naver&ref=naver_open	https://orom.co.kr/product/detail.html?product_no=3826&cate_no=232&display_group=1&cafe_mkt=naver_ks	http://orom.co.kr/web/product/medium/202508/9bfcd2865efcf8b80a7bee0c00e8b206_dburl.png			기업/단체 다이어리					신상품	Y	도매		오롬	오롬		기업/단체 맞춤 디자인 다이어리를 제작합니다.	10000	기업|법인|기업 다이어리|기업용 다이어리|맞춤 다이어리|맞춤제작|2026기업다이어리|기업플래너|법인다이어리|법인제작	1		0			
3831	다이어리 제작 대량 소량 (무료 샘플 제공) 맞춤 디자인 내지 커스텀	10000	10000		https://orom.co.kr/product/detail.html?product_no=3831&cate_no=232&display_group=1&cafe_mkt=naver_ks&mkt_in=Y&ghost_mall_id=naver&ref=naver_open	https://orom.co.kr/product/detail.html?product_no=3831&cate_no=232&display_group=1&cafe_mkt=naver_ks	http://orom.co.kr/web/product/medium/202508/ee8c6de4a7061afc845792634c2332fd_dburl.png			기업/단체 다이어리					신상품	Y	도매		오롬	오롬		[무료 샘플 제공] 직접 찾아뵙고 상담해 드립니다	10000	기업|법인|기업 다이어리|기업용 다이어리|맞춤 다이어리|맞춤제작|2026기업다이어리|기업플래너|법인다이어리|법인제작	1		0			
3832	기업 다이어리 회사 수첩 노트 맞춤 제작 - 회사 로고 각인 + 무료 샘플 제공	10000	10000		https://orom.co.kr/product/detail.html?product_no=3832&cate_no=232&display_group=1&cafe_mkt=naver_ks&mkt_in=Y&ghost_mall_id=naver&ref=naver_open	https://orom.co.kr/product/detail.html?product_no=3832&cate_no=232&display_group=1&cafe_mkt=naver_ks	http://orom.co.kr/web/product/medium/202508/f62a3b50790e3b0c494afdd1897862df_dburl.jpg			기업/단체 다이어리					신상품	Y	도매		오롬	오롬		[무료 샘플 제공] 직접 찾아뵙고 상담해 드립니다	10000	기업|법인|기업 다이어리|기업용 다이어리|맞춤 다이어리|맞춤제작|2026기업다이어리|기업플래너|법인다이어리|법인제작	1		0			
3833	B2B 대량 제작 회사 업무용 다이어리 - 맞춤 디자인 내지 + 기업 로고 무료 각인	10000	10000		https://orom.co.kr/product/detail.html?product_no=3833&cate_no=232&display_group=1&cafe_mkt=naver_ks&mkt_in=Y&ghost_mall_id=naver&ref=naver_open	https://orom.co.kr/product/detail.html?product_no=3833&cate_no=232&display_group=1&cafe_mkt=naver_ks	http://orom.co.kr/web/product/medium/202508/3001d74aee48a8fedc6003660d7f246d_dburl.jpg			기업/단체 다이어리					신상품	Y	도매		오롬	오롬		[무료 샘플 제공] 직접 찾아뵙고 상담해 드립니다	10000	기업|법인|기업 다이어리|기업용 다이어리|맞춤 다이어리|맞춤제작|2026기업다이어리|기업플래너|법인다이어리|법인제작	1		0			
3834	회사 플래너 기업용 업무 수첩 노트 주문 제작 - 단체 할인 (샘플 무료 증정) 로고 무료 각인	10000	10000		https://orom.co.kr/product/detail.html?product_no=3834&cate_no=232&display_group=1&cafe_mkt=naver_ks&mkt_in=Y&ghost_mall_id=naver&ref=naver_open	https://orom.co.kr/product/detail.html?product_no=3834&cate_no=232&display_group=1&cafe_mkt=naver_ks	http://orom.co.kr/web/product/medium/202508/7d734afad318a6f6b0d100e7c18e3735_dburl.jpg			기업/단체 다이어리					신상품	Y	도매		오롬	오롬		[무료 샘플 제공] 직접 찾아뵙고 상담해 드립니다	10000	기업|법인|기업 다이어리|기업용 다이어리|맞춤 다이어리|맞춤제작|2026기업다이어리|기업플래너|법인다이어리|법인제작	1		0			
3835	기업 단체 업무 다이어리 제작 전문 - 100% 국내 생산으로 빠른 납기  + 세트 구성, 별도 내지 인쇄, 기업 로고 각인	10000	10000		https://orom.co.kr/product/detail.html?product_no=3835&cate_no=232&display_group=1&cafe_mkt=naver_ks&mkt_in=Y&ghost_mall_id=naver&ref=naver_open	https://orom.co.kr/product/detail.html?product_no=3835&cate_no=232&display_group=1&cafe_mkt=naver_ks	http://orom.co.kr/web/product/medium/202508/ed3b124d4a671caf254f2b4ccdec8672_dburl.jpg			기업/단체 다이어리					신상품	Y	도매		오롬	오롬		[무료 샘플 제공] 직접 찾아뵙고 상담해 드립니다	10000	기업|법인|기업 다이어리|기업용 다이어리|맞춤 다이어리|맞춤제작|2026기업다이어리|기업플래너|법인다이어리|법인제작	1		0			
3836	회사 플래너 다이어리 제작 고민 끝! 로고 박 인쇄 + 내지 맞춤 + 납기 완벽, 무료 샘플 먼저 확인	10000	10000		https://orom.co.kr/product/detail.html?product_no=3836&cate_no=232&display_group=1&cafe_mkt=naver_ks&mkt_in=Y&ghost_mall_id=naver&ref=naver_open	https://orom.co.kr/product/detail.html?product_no=3836&cate_no=232&display_group=1&cafe_mkt=naver_ks	http://orom.co.kr/web/product/medium/202508/2d2facbf2ce5e2e960c965b76b49b629_dburl.jpg			기업/단체 다이어리					신상품	Y	도매		오롬	오롬		[무료 샘플 제공] 직접 찾아뵙고 상담해 드립니다	10000	기업|법인|기업 다이어리|기업용 다이어리|맞춤 다이어리|맞춤제작|2026기업다이어리|기업플래너|법인다이어리|법인제작	1		0			
3837	기업 회사 다이어리 담당자가 편한 다이어리 - 오롬에서 알아서 맞춰서 디자인/제작/납품합니다 [무료 샘플, 방문 미팅]	10000	10000		https://orom.co.kr/product/detail.html?product_no=3837&cate_no=232&display_group=1&cafe_mkt=naver_ks&mkt_in=Y&ghost_mall_id=naver&ref=naver_open	https://orom.co.kr/product/detail.html?product_no=3837&cate_no=232&display_group=1&cafe_mkt=naver_ks	http://orom.co.kr/web/product/medium/202508/fd27fc8f01bfe21beebddd77d5779447_dburl.jpg			기업/단체 다이어리					신상품	Y	도매		오롬	오롬		[무료 샘플 제공] 직접 찾아뵙고 상담해 드립니다	10000	기업|법인|기업 다이어리|기업용 다이어리|맞춤 다이어리|맞춤제작|2026기업다이어리|기업플래너|법인다이어리|법인제작	1		0			
3838	대기업  스타트업 금융권에서 좋아하는 오롬 다이어리 주문 제작 기업 로고 각인 맞춤 디자인 (무료 샘플, 미팅)	10000	10000		https://orom.co.kr/product/detail.html?product_no=3838&cate_no=232&display_group=1&cafe_mkt=naver_ks&mkt_in=Y&ghost_mall_id=naver&ref=naver_open	https://orom.co.kr/product/detail.html?product_no=3838&cate_no=232&display_group=1&cafe_mkt=naver_ks	http://orom.co.kr/web/product/medium/202508/528cd9e3ac81795dea21db4bece1b3fc_dburl.jpg			기업/단체 다이어리					신상품	Y	도매		오롬	오롬		[무료 샘플 제공] 직접 찾아뵙고 상담해 드립니다	10000	기업|법인|기업 다이어리|기업용 다이어리|맞춤 다이어리|맞춤제작|2026기업다이어리|기업플래너|법인다이어리|법인제작	1		0			
3842	만년필노트 아뜰리에	21000	21000		https://orom.co.kr/product/detail.html?product_no=3842&cate_no=134&display_group=1&cafe_mkt=naver_ks&mkt_in=Y&ghost_mall_id=naver&ref=naver_open	https://orom.co.kr/product/detail.html?product_no=3842&cate_no=134&display_group=1&cafe_mkt=naver_ks	http://orom.co.kr/web/product/medium/202508/5635b217354e8547f532ce3594d22672_dburl.png			노트					신상품				오롬	오롬			21000	오롬|각인 노트|노트|공책|디자인 노트|디자인 공책|점선 노트|점선 공책|그리드 노트|그리드 공책	1	7	3000			
3843	필사노트 수집 : 명상록	27000	27000		https://orom.co.kr/product/detail.html?product_no=3843&cate_no=134&display_group=1&cafe_mkt=naver_ks&mkt_in=Y&ghost_mall_id=naver&ref=naver_open	https://orom.co.kr/product/detail.html?product_no=3843&cate_no=134&display_group=1&cafe_mkt=naver_ks	http://orom.co.kr/web/product/medium/202508/f73ffc93c69e105eebbab1c99ea6bbd7_dburl.jpg			노트					신상품				오롬	오롬			27000		1	14	3000			
3848	27년 북커버 속지 라이프로그 라지 슬림위클리	13000	13000		https://orom.co.kr/product/detail.html?product_no=3848&cate_no=133&display_group=1&cafe_mkt=naver_ks&mkt_in=Y&ghost_mall_id=naver&ref=naver_open	https://orom.co.kr/product/detail.html?product_no=3848&cate_no=133&display_group=1&cafe_mkt=naver_ks	http://orom.co.kr/web/product/medium/202609/258d57dc82d6fcedb560eae3153d40a1_dburl.jpg			다이어리 · 속지					신상품				오롬	오롬			13000	다이어리|플래너|가죽|고급|명품|리필|커버|26년다이어리|26년 다이어리|2026년다이어리	1	8	3000			
3849	27년 북커버 속지 라이프로그 미디엄 슬림위클리	13000	13000		https://orom.co.kr/product/detail.html?product_no=3849&cate_no=133&display_group=1&cafe_mkt=naver_ks&mkt_in=Y&ghost_mall_id=naver&ref=naver_open	https://orom.co.kr/product/detail.html?product_no=3849&cate_no=133&display_group=1&cafe_mkt=naver_ks	http://orom.co.kr/web/product/medium/202609/05b803c983ff967e474d2a83584bb61a_dburl.jpg			다이어리 · 속지					신상품				오롬	오롬			13000	다이어리|플래너|가죽|고급|명품|리필|커버|26년다이어리|26년 다이어리|2026년다이어리	1	4	3000			
3851	2027 먼슬리 다이어리 포레스트 미디엄	38000	38000		https://orom.co.kr/product/detail.html?product_no=3851&cate_no=133&display_group=1&cafe_mkt=naver_ks&mkt_in=Y&ghost_mall_id=naver&ref=naver_open	https://orom.co.kr/product/detail.html?product_no=3851&cate_no=133&display_group=1&cafe_mkt=naver_ks	http://orom.co.kr/web/product/medium/202609/48b7d5b0300c23ab2b7e6a2fcd5df903_dburl.jpg			다이어리 · 속지					신상품				오롬	오롬			38000	다이어리|플래너|가죽|고급|명품|양장|연도|일체형|26년다이어리|26년 다이어리	1	11	3000			
3852	2027 먼슬리 다이어리 포레스트 라지	39000	39000		https://orom.co.kr/product/detail.html?product_no=3852&cate_no=133&display_group=1&cafe_mkt=naver_ks&mkt_in=Y&ghost_mall_id=naver&ref=naver_open	https://orom.co.kr/product/detail.html?product_no=3852&cate_no=133&display_group=1&cafe_mkt=naver_ks	http://orom.co.kr/web/product/medium/202609/f152ad7296d4b19367051f1707e640c1_dburl.jpg			다이어리 · 속지					신상품				오롬	오롬			39000	다이어리|플래너|가죽|고급|명품|양장|연도|일체형|26년다이어리|26년 다이어리	1		3000			
3855	26년 북커버 속지 미디엄 분권데일리 (낱권)	10000	10000		https://orom.co.kr/product/detail.html?product_no=3855&cate_no=133&display_group=1&cafe_mkt=naver_ks&mkt_in=Y&ghost_mall_id=naver&ref=naver_open	https://orom.co.kr/product/detail.html?product_no=3855&cate_no=133&display_group=1&cafe_mkt=naver_ks	http://orom.co.kr/web/product/medium/202308/e9a6f90553960a706b4d32226e697936_dburl.jpg			다이어리 · 속지					신상품				오롬	오롬			10000	다이어리|플래너|가죽|고급|명품|교체형|연도	1		3000			
3856	26년 북커버 속지 라지 분권데일리 (낱권)	10000	10000		https://orom.co.kr/product/detail.html?product_no=3856&cate_no=133&display_group=1&cafe_mkt=naver_ks&mkt_in=Y&ghost_mall_id=naver&ref=naver_open	https://orom.co.kr/product/detail.html?product_no=3856&cate_no=133&display_group=1&cafe_mkt=naver_ks	http://orom.co.kr/web/product/medium/202308/38d602375b94ff4fb8b93532799b9495_dburl.jpg			다이어리 · 속지					신상품				오롬	오롬			10000	다이어리|플래너|가죽|고급|명품|교체형|연도	1		3000			
3857	26년 북커버 속지 롱포켓 분권데일리 낱권	7000	7000		https://orom.co.kr/product/detail.html?product_no=3857&cate_no=133&display_group=1&cafe_mkt=naver_ks&mkt_in=Y&ghost_mall_id=naver&ref=naver_open	https://orom.co.kr/product/detail.html?product_no=3857&cate_no=133&display_group=1&cafe_mkt=naver_ks	http://orom.co.kr/web/product/medium/202409/3e419402dbafcd5c76c0597d153bc0f2_dburl.jpg			다이어리 · 속지					신상품				오롬	오롬			7000	다이어리|플래너|가죽|고급|명품|교체형|연도	1		3000			
3858	2027 위클리 다이어리 포레스트 데스크핏	43000	43000		https://orom.co.kr/product/detail.html?product_no=3858&cate_no=133&display_group=1&cafe_mkt=naver_ks&mkt_in=Y&ghost_mall_id=naver&ref=naver_open	https://orom.co.kr/product/detail.html?product_no=3858&cate_no=133&display_group=1&cafe_mkt=naver_ks	http://orom.co.kr/web/product/medium/202609/7d5f3a760fd4a710ac3be61fde3f98f9_dburl.jpg			다이어리 · 속지					신상품				오롬	오롬			43000	다이어리|플래너|가죽|고급|명품|양장|연도|26년다이어리|26년 다이어리|2026년다이어리	1	3	0			
3860	2027 먼슬리 다이어리 파티나 미니	33000	33000		https://orom.co.kr/product/detail.html?product_no=3860&cate_no=133&display_group=1&cafe_mkt=naver_ks&mkt_in=Y&ghost_mall_id=naver&ref=naver_open	https://orom.co.kr/product/detail.html?product_no=3860&cate_no=133&display_group=1&cafe_mkt=naver_ks	http://orom.co.kr/web/product/medium/202609/743fa09db3a73f238804fc2e29feeb32_dburl.png			다이어리 · 속지					신상품				오롬	오롬			33000	다이어리|플래너|가죽|고급|명품|양장|연도|일체형|26년다이어리|26년 다이어리	1	23	3000			
3864	2027 먼슬리 다이어리 아르보 미디엄	38500	38500		https://orom.co.kr/product/detail.html?product_no=3864&cate_no=133&display_group=1&cafe_mkt=naver_ks&mkt_in=Y&ghost_mall_id=naver&ref=naver_open	https://orom.co.kr/product/detail.html?product_no=3864&cate_no=133&display_group=1&cafe_mkt=naver_ks	http://orom.co.kr/web/product/medium/202609/b15c968e519b9e376dabad936cba4c4d_dburl.png			다이어리 · 속지					신상품				오롬	오롬			38500	다이어리|플래너|가죽|고급|명품|양장|연도|일체형|26년다이어리|26년 다이어리	1	12	3000			
3865	2027 먼슬리 다이어리 아르보 라지	40000	40000		https://orom.co.kr/product/detail.html?product_no=3865&cate_no=140&display_group=1&cafe_mkt=naver_ks&mkt_in=Y&ghost_mall_id=naver&ref=naver_open	https://orom.co.kr/product/detail.html?product_no=3865&cate_no=140&display_group=1&cafe_mkt=naver_ks	http://orom.co.kr/web/product/medium/202609/f8e59cf50c752d92331ce537739ec45a_dburl.png			다이어리 · 속지	양장 다이어리				신상품				오롬	오롬			40000	오롬다이어리|주간다이어리|플래너|고급|명품|양장|연도|일체형|26년다이어리|26년 다이어리	1	8	0			
3866	2027 위클리 다이어리 글림 미디엄	37500	37500		https://orom.co.kr/product/detail.html?product_no=3866&cate_no=133&display_group=1&cafe_mkt=naver_ks&mkt_in=Y&ghost_mall_id=naver&ref=naver_open	https://orom.co.kr/product/detail.html?product_no=3866&cate_no=133&display_group=1&cafe_mkt=naver_ks	http://orom.co.kr/web/product/medium/202609/57152c969bf4c8b9a10da6cc8cf07814_dburl.jpg			다이어리 · 속지					신상품				오롬	오롬			37500	다이어리|플래너|가죽|고급|명품|양장|연도|일체형|26년다이어리|26년 다이어리	1	19	3000			
3867	2027 위클리 다이어리 글림 라지	39000	39000		https://orom.co.kr/product/detail.html?product_no=3867&cate_no=133&display_group=1&cafe_mkt=naver_ks&mkt_in=Y&ghost_mall_id=naver&ref=naver_open	https://orom.co.kr/product/detail.html?product_no=3867&cate_no=133&display_group=1&cafe_mkt=naver_ks	http://orom.co.kr/web/product/medium/202609/a91c6c9f94aa376f0905452948c0b740_dburl.jpg			다이어리 · 속지					신상품				오롬	오롬			39000	다이어리|플래너|가죽|고급|명품|양장|연도|일체형|26년다이어리|26년 다이어리	1	20	3000			
3875	27년 6공 속지 라이프로그 (대) 위클리 1주2면 단품	8000	8000		https://orom.co.kr/product/detail.html?product_no=3875&cate_no=133&display_group=1&cafe_mkt=naver_ks&mkt_in=Y&ghost_mall_id=naver&ref=naver_open	https://orom.co.kr/product/detail.html?product_no=3875&cate_no=133&display_group=1&cafe_mkt=naver_ks	http://orom.co.kr/web/product/medium/202509/439d43994c85b7eca344d21ccb12da6b_dburl.jpg			다이어리 · 속지					신상품				오롬	오롬			8000	다이어리|플래너|가죽|고급|명품|양장|연도|만년|6공|시스템	1	1	3000			
3876	[세트] 27년 6공 속지 라이프로그 (대) 위클리 1주2면	20000	20000		https://orom.co.kr/product/detail.html?product_no=3876&cate_no=133&display_group=1&cafe_mkt=naver_ks&mkt_in=Y&ghost_mall_id=naver&ref=naver_open	https://orom.co.kr/product/detail.html?product_no=3876&cate_no=133&display_group=1&cafe_mkt=naver_ks	http://orom.co.kr/web/product/medium/202609/d10eb3d604289566479e74040461d03f_dburl.jpg			다이어리 · 속지					신상품				오롬	오롬			20000	다이어리|플래너|가죽|고급|명품|교체형|연도|시스템|바인더	1	5	3000			
3877	[세트] 27년 6공 속지 라이프로그 (중) 위클리 1주2면	20000	20000		https://orom.co.kr/product/detail.html?product_no=3877&cate_no=133&display_group=1&cafe_mkt=naver_ks&mkt_in=Y&ghost_mall_id=naver&ref=naver_open	https://orom.co.kr/product/detail.html?product_no=3877&cate_no=133&display_group=1&cafe_mkt=naver_ks	http://orom.co.kr/web/product/medium/202609/5af9d8630eaac366ad1cea9239fd5689_dburl.jpg			다이어리 · 속지					신상품				오롬	오롬			20000	다이어리|플래너|가죽|고급|명품|교체형|연도|시스템|바인더	1	4	3000			
3878	27년 6공 속지 라이프로그 (중) 위클리 1주2면 단품	8000	8000		https://orom.co.kr/product/detail.html?product_no=3878&cate_no=133&display_group=1&cafe_mkt=naver_ks&mkt_in=Y&ghost_mall_id=naver&ref=naver_open	https://orom.co.kr/product/detail.html?product_no=3878&cate_no=133&display_group=1&cafe_mkt=naver_ks	http://orom.co.kr/web/product/medium/202509/0021d31d982647cc34d008e55e8ad6e0_dburl.jpg			다이어리 · 속지					신상품				오롬	오롬			8000	다이어리|플래너|가죽|고급|명품|양장|연도|만년|6공|시스템	1	9	3000			
3879	보틀백 1구 블라썸	160000	160000		https://orom.co.kr/product/detail.html?product_no=3879&cate_no=136&display_group=1&cafe_mkt=naver_ks&mkt_in=Y&ghost_mall_id=naver&ref=naver_open	https://orom.co.kr/product/detail.html?product_no=3879&cate_no=136&display_group=1&cafe_mkt=naver_ks	http://orom.co.kr/web/product/medium/202509/9de7e6c50e058750fbeb7440c4407913_dburl.jpg			가죽 케이스					신상품				오롬	오롬			160000	핸드메이드|수제|가죽|고급|선물|수납|와인|주류|케이스|가방	1		0			
3882	OSF 레트로 수건	5000	5000		https://orom.co.kr/product/detail.html?product_no=3882&cate_no=217&display_group=1&cafe_mkt=naver_ks&mkt_in=Y&ghost_mall_id=naver&ref=naver_open	https://orom.co.kr/product/detail.html?product_no=3882&cate_no=217&display_group=1&cafe_mkt=naver_ks	http://orom.co.kr/web/product/medium/202509/ae4f8978ee0059ec6e59071a2dfcbc29_dburl.jpg			신제품					신상품				오롬	오롬			5000	OSF|오롬손글씨페스타|오손페|오손페굿즈|굿즈|OSF굿즈|경필쓰기|경필쓰기굿즈|경필굿즈|오롬굿즈	1		3000			
3883	OSF 디자인 스티커	1500	1500		https://orom.co.kr/product/detail.html?product_no=3883&cate_no=217&display_group=1&cafe_mkt=naver_ks&mkt_in=Y&ghost_mall_id=naver&ref=naver_open	https://orom.co.kr/product/detail.html?product_no=3883&cate_no=217&display_group=1&cafe_mkt=naver_ks	http://orom.co.kr/web/product/medium/202509/c69ed713341b130ccf0a6fcf993fff4d_dburl.jpg			신제품					신상품				오롬	오롬			1500	OSF|오롬손글씨페스타|오손페|오손페굿즈|굿즈|OSF굿즈|경필쓰기|경필쓰기굿즈|경필굿즈|오롬굿즈	1		3000			
3884	OSF 아크릴 키링	6500	6500		https://orom.co.kr/product/detail.html?product_no=3884&cate_no=217&display_group=1&cafe_mkt=naver_ks&mkt_in=Y&ghost_mall_id=naver&ref=naver_open	https://orom.co.kr/product/detail.html?product_no=3884&cate_no=217&display_group=1&cafe_mkt=naver_ks	http://orom.co.kr/web/product/medium/202509/528c4aa41c47ccc07b66ac4f1e49457f_dburl.jpg			신제품					신상품				오롬	오롬			6500	OSF|오롬손글씨페스타|오손페|오손페굿즈|굿즈|OSF굿즈|경필쓰기|경필쓰기굿즈|경필굿즈|오롬굿즈	1	5	3000			
3885	OSF 쓱싹쓱싹 그림일기	8000	8000		https://orom.co.kr/product/detail.html?product_no=3885&cate_no=217&display_group=1&cafe_mkt=naver_ks&mkt_in=Y&ghost_mall_id=naver&ref=naver_open	https://orom.co.kr/product/detail.html?product_no=3885&cate_no=217&display_group=1&cafe_mkt=naver_ks	http://orom.co.kr/web/product/medium/202509/42da96131655305fdeef3466dd952a06_dburl.jpg			신제품					신상품				오롬	오롬			8000	OSF|오롬손글씨페스타|오손페|오손페굿즈|굿즈|OSF굿즈|경필쓰기|경필쓰기굿즈|경필굿즈|오롬굿즈	1	1	3000			
3886	OSF 디자인 티셔츠	35000	35000		https://orom.co.kr/product/detail.html?product_no=3886&cate_no=217&display_group=1&cafe_mkt=naver_ks&mkt_in=Y&ghost_mall_id=naver&ref=naver_open	https://orom.co.kr/product/detail.html?product_no=3886&cate_no=217&display_group=1&cafe_mkt=naver_ks	http://orom.co.kr/web/product/medium/202509/9ade1625afa012a55b5649dfa5f8504c_dburl.jpg			신제품					신상품				오롬	오롬			35000	OSF|오롬손글씨페스타|오손페|오손페굿즈|굿즈|OSF굿즈|경필쓰기|경필쓰기굿즈|경필굿즈|오롬굿즈	1		3000			
3893	6공 속지 워크플래너 (대) 만년형 데일리 단품 (1일2면)	13000	13000		https://orom.co.kr/product/detail.html?product_no=3893&cate_no=133&display_group=1&cafe_mkt=naver_ks&mkt_in=Y&ghost_mall_id=naver&ref=naver_open	https://orom.co.kr/product/detail.html?product_no=3893&cate_no=133&display_group=1&cafe_mkt=naver_ks	http://orom.co.kr/web/product/medium/202510/8ac1606282b0010bde739454ea5502b9_dburl.jpg			다이어리 · 속지					신상품				오롬	오롬			13000	다이어리|플래너|가죽|고급|명품|양장|연도|만년|6공|시스템	1	3	3000			
3894	6공 속지 워크플래너 (중) 만년형 데일리 단품 (1일2면)	13000	13000		https://orom.co.kr/product/detail.html?product_no=3894&cate_no=133&display_group=1&cafe_mkt=naver_ks&mkt_in=Y&ghost_mall_id=naver&ref=naver_open	https://orom.co.kr/product/detail.html?product_no=3894&cate_no=133&display_group=1&cafe_mkt=naver_ks	http://orom.co.kr/web/product/medium/202510/2ab5a6acfa7ca4225c1b69039b0868ed_dburl.jpg			다이어리 · 속지					신상품				오롬	오롬			13000	다이어리|플래너|가죽|고급|명품|양장|연도|만년|6공|시스템	1	7	3000			
3896	가죽 집게 앵커	4500	4500		https://orom.co.kr/product/detail.html?product_no=3896&cate_no=136&display_group=1&cafe_mkt=naver_ks&mkt_in=Y&ghost_mall_id=naver&ref=naver_open	https://orom.co.kr/product/detail.html?product_no=3896&cate_no=136&display_group=1&cafe_mkt=naver_ks	http://orom.co.kr/web/product/medium/202510/1c1810a3326249a63d46278fae2cda05_dburl.jpg			가죽 케이스					신상품				오롬	오롬			4500	핸드메이드|수제|가죽|고급|선물|집게|가죽집게|가죽홀더	1	19	3000			
3898	레코드노트 미디엄 콜라보레이션 #3 버둥	17500	17500		https://orom.co.kr/product/detail.html?product_no=3898&cate_no=181&display_group=1&cafe_mkt=naver_ks&mkt_in=Y&ghost_mall_id=naver&ref=naver_open	https://orom.co.kr/product/detail.html?product_no=3898&cate_no=181&display_group=1&cafe_mkt=naver_ks	http://orom.co.kr/web/product/medium/202510/3843cb23b1a4e90daa68c540d7f00572_dburl.jpg			노트	레코드노트				신상품				오롬	오롬			17500		1	1	3000			
3905	27년 6공 속지 라이프로그 (대) 먼슬리 단품	7000	7000		https://orom.co.kr/product/detail.html?product_no=3905&cate_no=133&display_group=1&cafe_mkt=naver_ks&mkt_in=Y&ghost_mall_id=naver&ref=naver_open	https://orom.co.kr/product/detail.html?product_no=3905&cate_no=133&display_group=1&cafe_mkt=naver_ks	http://orom.co.kr/web/product/medium/202510/85b21f021ba1228edd5c66c737a79f26_dburl.jpg			다이어리 · 속지					신상품				오롬	오롬			7000	다이어리|플래너|가죽|고급|명품|양장|연도|만년|6공|시스템	1	5	3000			
3906	27년 6공 속지 라이프로그 (중) 먼슬리 단품	7000	7000		https://orom.co.kr/product/detail.html?product_no=3906&cate_no=133&display_group=1&cafe_mkt=naver_ks&mkt_in=Y&ghost_mall_id=naver&ref=naver_open	https://orom.co.kr/product/detail.html?product_no=3906&cate_no=133&display_group=1&cafe_mkt=naver_ks	http://orom.co.kr/web/product/medium/202510/4b581ccf249c0338ab63f4b5c4168c16_dburl.jpg			다이어리 · 속지					신상품				오롬	오롬			7000	다이어리|플래너|가죽|고급|명품|양장|연도|만년|6공|시스템	1	5	3000			
3907	27년 6공 속지 라이프로그 (포켓) 먼슬리 단품	7000	7000		https://orom.co.kr/product/detail.html?product_no=3907&cate_no=133&display_group=1&cafe_mkt=naver_ks&mkt_in=Y&ghost_mall_id=naver&ref=naver_open	https://orom.co.kr/product/detail.html?product_no=3907&cate_no=133&display_group=1&cafe_mkt=naver_ks	http://orom.co.kr/web/product/medium/202510/0649a952303c6c7b4cd46599972b3a60_dburl.jpg			다이어리 · 속지					신상품				오롬	오롬			7000	다이어리|플래너|가죽|고급|명품|양장|연도|만년|6공|시스템	1	1	3000			
3921	[오롬X게으른 수프] 인트로 스티커(2매)	1500	1500		https://orom.co.kr/product/detail.html?product_no=3921&cate_no=348&display_group=1&cafe_mkt=naver_ks&mkt_in=Y&ghost_mall_id=naver&ref=naver_open	https://orom.co.kr/product/detail.html?product_no=3921&cate_no=348&display_group=1&cafe_mkt=naver_ks	http://orom.co.kr/web/product/medium/202511/52cd079ba1ec794a64fb3f5d24155afc_dburl.jpg			스페셜 굿즈	콜라보레이션				신상품				오롬	오롬			1500		1	10	3000			
3950	스택파우치 L	125000	125000		https://orom.co.kr/product/detail.html?product_no=3950&cate_no=136&display_group=1&cafe_mkt=naver_ks&mkt_in=Y&ghost_mall_id=naver&ref=naver_open	https://orom.co.kr/product/detail.html?product_no=3950&cate_no=136&display_group=1&cafe_mkt=naver_ks	http://orom.co.kr/web/product/medium/202512/e60fc9fba90a0e15a44a80416e83372c_dburl.jpg			가죽 케이스					신상품				오롬	오롬			125000	가방|캐리어|파우치|수납|백|여행|가죽	1		0			
3951	스택파우치 M	95000	95000		https://orom.co.kr/product/detail.html?product_no=3951&cate_no=136&display_group=1&cafe_mkt=naver_ks&mkt_in=Y&ghost_mall_id=naver&ref=naver_open	https://orom.co.kr/product/detail.html?product_no=3951&cate_no=136&display_group=1&cafe_mkt=naver_ks	http://orom.co.kr/web/product/medium/202512/aac0e8ce5925661895d26a47e1e94dfc_dburl.jpg			가죽 케이스					신상품				오롬	오롬			95000	가방|캐리어|파우치|수납|백|여행|가죽	1		0			
3952	스택파우치 S	70000	70000		https://orom.co.kr/product/detail.html?product_no=3952&cate_no=136&display_group=1&cafe_mkt=naver_ks&mkt_in=Y&ghost_mall_id=naver&ref=naver_open	https://orom.co.kr/product/detail.html?product_no=3952&cate_no=136&display_group=1&cafe_mkt=naver_ks	http://orom.co.kr/web/product/medium/202512/7b278ba9c9a6c970386a83e873e7e520_dburl.jpg			가죽 케이스					신상품				오롬	오롬			70000	가방|캐리어|파우치|수납|백|여행|가죽	1		0			
3953	스택파우치 3종 세트	255000	255000		https://orom.co.kr/product/detail.html?product_no=3953&cate_no=136&display_group=1&cafe_mkt=naver_ks&mkt_in=Y&ghost_mall_id=naver&ref=naver_open	https://orom.co.kr/product/detail.html?product_no=3953&cate_no=136&display_group=1&cafe_mkt=naver_ks	http://orom.co.kr/web/product/medium/202512/b954e5f9840f369f825472d31a0bb96a_dburl.jpg			가죽 케이스					신상품				오롬	오롬			255000	가방|캐리어|파우치|수납|백|여행|가죽	1		0			
3966	북커버 라지 슬림형 포레스트	98000	98000		https://orom.co.kr/product/detail.html?product_no=3966&cate_no=133&display_group=1&cafe_mkt=naver_ks&mkt_in=Y&ghost_mall_id=naver&ref=naver_open	https://orom.co.kr/product/detail.html?product_no=3966&cate_no=133&display_group=1&cafe_mkt=naver_ks	http://orom.co.kr/web/product/medium/202601/0f4bb712fd5d22ec94886ddf8a72aa86_dburl.jpg			다이어리 · 속지					신상품				오롬	오롬			98000	다이어리|플래너|가죽|고급|명품|리필|커버	1	1	0			
3967	북커버 미디엄 슬림형 포레스트	75000	75000		https://orom.co.kr/product/detail.html?product_no=3967&cate_no=133&display_group=1&cafe_mkt=naver_ks&mkt_in=Y&ghost_mall_id=naver&ref=naver_open	https://orom.co.kr/product/detail.html?product_no=3967&cate_no=133&display_group=1&cafe_mkt=naver_ks	http://orom.co.kr/web/product/medium/202601/366889557a3b3e42eb512bbd76daa400_dburl.jpg			다이어리 · 속지					신상품				오롬	오롬			75000	다이어리|플래너|가죽|고급|명품|리필|커버	1	1	0			
3968	북커버 미니 슬림형 포레스트	62000	62000		https://orom.co.kr/product/detail.html?product_no=3968&cate_no=133&display_group=1&cafe_mkt=naver_ks&mkt_in=Y&ghost_mall_id=naver&ref=naver_open	https://orom.co.kr/product/detail.html?product_no=3968&cate_no=133&display_group=1&cafe_mkt=naver_ks	http://orom.co.kr/web/product/medium/202601/b668f2bcf51d039386ea37b7541d4b76_dburl.jpg			다이어리 · 속지					신상품				오롬	오롬			62000	다이어리|플래너|가죽|고급|명품|교체형|연도	1		0			
3975	[럭키 피스] 미니 행운 카드 세트	15000	15000		https://orom.co.kr/product/detail.html?product_no=3975&cate_no=341&display_group=1&cafe_mkt=naver_ks&mkt_in=Y&ghost_mall_id=naver&ref=naver_open	https://orom.co.kr/product/detail.html?product_no=3975&cate_no=341&display_group=1&cafe_mkt=naver_ks	http://orom.co.kr/web/product/medium/202604/6770490d300a3594be9bd0e801fa7fb4_dburl.jpg			사은품					신상품				오롬	오롬			15000	미니행운카드|미니 행운 카드|미니 카드|미니카드|럭키피스|럭키 피스	1	2	3000			
3979	브레드백	120000	120000		https://orom.co.kr/product/detail.html?product_no=3979&cate_no=136&display_group=1&cafe_mkt=naver_ks&mkt_in=Y&ghost_mall_id=naver&ref=naver_open	https://orom.co.kr/product/detail.html?product_no=3979&cate_no=136&display_group=1&cafe_mkt=naver_ks	http://orom.co.kr/web/product/medium/202601/a74cf63db67aafee4ba86759ce4e154f_dburl.png			가죽 케이스					신상품				오롬	오롬			120000	핸드메이드|수제|가죽|고급|선물|수납|파우치|클러치백|가죽파우치|가죽클러치백	1	53	0			
3983	노트패드 A5 어번 지퍼형	230000	230000		https://orom.co.kr/product/detail.html?product_no=3983&cate_no=133&display_group=1&cafe_mkt=naver_ks&mkt_in=Y&ghost_mall_id=naver&ref=naver_open	https://orom.co.kr/product/detail.html?product_no=3983&cate_no=133&display_group=1&cafe_mkt=naver_ks	http://orom.co.kr/web/product/medium/202602/3fafb5e51fc1e9d7c1487ec4c1945405_dburl.jpg			다이어리 · 속지					신상품				오롬	오롬			230000	A5|커버|사무|옥스패드|리갈패드	1		0			
3986	카드지갑 누아 슬롯	53000	53000		https://orom.co.kr/product/detail.html?product_no=3986&cate_no=196&display_group=1&cafe_mkt=naver_ks&mkt_in=Y&ghost_mall_id=naver&ref=naver_open	https://orom.co.kr/product/detail.html?product_no=3986&cate_no=196&display_group=1&cafe_mkt=naver_ks	http://orom.co.kr/web/product/medium/202603/23d00f00522e4a71c9f1402af2c6f3f4_dburl.png			지갑	카드 지갑				신상품				자체브랜드	자체제작			53000		1	6	0			
3987	카드지갑 누아 박스	88000	88000		https://orom.co.kr/product/detail.html?product_no=3987&cate_no=196&display_group=1&cafe_mkt=naver_ks&mkt_in=Y&ghost_mall_id=naver&ref=naver_open	https://orom.co.kr/product/detail.html?product_no=3987&cate_no=196&display_group=1&cafe_mkt=naver_ks	http://orom.co.kr/web/product/medium/202603/9f1c7216551a2aa3bcd1390eb94428d3_dburl.png			지갑	카드 지갑				신상품				자체브랜드	자체제작			88000		1	2	0			
3988	카드지갑 누아 아코디언	120000	120000		https://orom.co.kr/product/detail.html?product_no=3988&cate_no=196&display_group=1&cafe_mkt=naver_ks&mkt_in=Y&ghost_mall_id=naver&ref=naver_open	https://orom.co.kr/product/detail.html?product_no=3988&cate_no=196&display_group=1&cafe_mkt=naver_ks	http://orom.co.kr/web/product/medium/202603/2877cbba082c49491d83858a2c936206_dburl.png			지갑	카드 지갑				신상품				자체브랜드	자체제작			120000		1		0			
3989	[세트] 카드지갑 누아 슬림핏 세트	95400	95400		https://orom.co.kr/product/detail.html?product_no=3989&cate_no=196&display_group=1&cafe_mkt=naver_ks&mkt_in=Y&ghost_mall_id=naver&ref=naver_open	https://orom.co.kr/product/detail.html?product_no=3989&cate_no=196&display_group=1&cafe_mkt=naver_ks	http://orom.co.kr/web/product/medium/202603/a6e5c8132a56b536440beaa9b57fa234_dburl.jpg			지갑	카드 지갑				신상품				자체브랜드	자체제작			95400		1		0			
3990	[세트] 카드지갑 누아 스탠다드핏 세트	126900	126900		https://orom.co.kr/product/detail.html?product_no=3990&cate_no=196&display_group=1&cafe_mkt=naver_ks&mkt_in=Y&ghost_mall_id=naver&ref=naver_open	https://orom.co.kr/product/detail.html?product_no=3990&cate_no=196&display_group=1&cafe_mkt=naver_ks	http://orom.co.kr/web/product/medium/202603/32c6b2f58ea8ce5e79d94b09047b7ca3_dburl.jpg			지갑	카드 지갑				신상품				자체브랜드	자체제작			126900		1		0			
3991	[세트] 카드지갑 누아 와이드핏 세트	155700	155700		https://orom.co.kr/product/detail.html?product_no=3991&cate_no=196&display_group=1&cafe_mkt=naver_ks&mkt_in=Y&ghost_mall_id=naver&ref=naver_open	https://orom.co.kr/product/detail.html?product_no=3991&cate_no=196&display_group=1&cafe_mkt=naver_ks	http://orom.co.kr/web/product/medium/202603/f39de537a204442bf497cddc80abeeee_dburl.jpg			지갑	카드 지갑				신상품				자체브랜드	자체제작			155700		1	3	0			
4007	여권케이스 레인	79000	79000		https://orom.co.kr/product/detail.html?product_no=4007&cate_no=137&display_group=1&cafe_mkt=naver_ks&mkt_in=Y&ghost_mall_id=naver&ref=naver_open	https://orom.co.kr/product/detail.html?product_no=4007&cate_no=137&display_group=1&cafe_mkt=naver_ks	http://orom.co.kr/web/product/medium/202603/6df81871f18b70f8ec68fe68aeab4fee_dburl.jpg			지갑					신상품				오롬	오롬			79000	오롬|각인 지갑|오롬 여권지갑|가죽지갑|천연 가죽지갑|남자 지갑|여자 지갑|클래식 지갑|슬림 지갑|수제 지갑	1	1	0			
4009	여권케이스 페블	75000	75000		https://orom.co.kr/product/detail.html?product_no=4009&cate_no=137&display_group=1&cafe_mkt=naver_ks&mkt_in=Y&ghost_mall_id=naver&ref=naver_open	https://orom.co.kr/product/detail.html?product_no=4009&cate_no=137&display_group=1&cafe_mkt=naver_ks	http://orom.co.kr/web/product/medium/202604/50ef4aed0cbc1598ec227844b404a048_dburl.jpg			지갑					신상품				오롬	오롬			75000	오롬|각인 지갑|오롬 여권지갑|가죽지갑|천연 가죽지갑|남자 지갑|여자 지갑|클래식 지갑|슬림 지갑|수제 지갑	1		0			
4011	오롬한조각 엽서 세트	4000	4000		https://orom.co.kr/product/detail.html?product_no=4011&cate_no=341&display_group=1&cafe_mkt=naver_ks&mkt_in=Y&ghost_mall_id=naver&ref=naver_open	https://orom.co.kr/product/detail.html?product_no=4011&cate_no=341&display_group=1&cafe_mkt=naver_ks	http://orom.co.kr/web/product/medium/202604/fad3a64a7354799c623efa0de0ef4746_dburl.png			사은품					신상품				오롬	오롬			4000	엽서|엽서세트|카드|봉투|편지지	1		3000			
4013	미니지갑 러슬	83000	83000		https://orom.co.kr/product/detail.html?product_no=4013&cate_no=137&display_group=1&cafe_mkt=naver_ks&mkt_in=Y&ghost_mall_id=naver&ref=naver_open	https://orom.co.kr/product/detail.html?product_no=4013&cate_no=137&display_group=1&cafe_mkt=naver_ks	http://orom.co.kr/web/product/medium/202605/7a4c4880a85354506a43630996c2de6c_dburl.png			지갑					신상품				오롬	오롬			83000	오롬|각인 지갑|오롬 여권지갑|가죽지갑|천연 가죽지갑|남자 지갑|여자 지갑|클래식 지갑|슬림 지갑|수제 지갑	1		0			
4024	6공 오거나이저 (소) 포레스트	71000	71000		https://orom.co.kr/product/detail.html?product_no=4024&cate_no=141&display_group=1&cafe_mkt=naver_ks&mkt_in=Y&ghost_mall_id=naver&ref=naver_open	https://orom.co.kr/product/detail.html?product_no=4024&cate_no=141&display_group=1&cafe_mkt=naver_ks	http://orom.co.kr/web/product/medium/202605/b5b259a9b4d17a14814f0810ece5ca89_dburl.png			다이어리 · 속지	6공 오거나이저				신상품				오롬	오롬			71000	다이어리|플래너|가죽|고급|명품|양장|연도|만년|6공|시스템	1	3	0			
4025	명함지갑 세레노	48000	48000		https://orom.co.kr/product/detail.html?product_no=4025&cate_no=197&display_group=1&cafe_mkt=naver_ks&mkt_in=Y&ghost_mall_id=naver&ref=naver_open	https://orom.co.kr/product/detail.html?product_no=4025&cate_no=197&display_group=1&cafe_mkt=naver_ks	http://orom.co.kr/web/product/medium/202606/ddfbc3a0ff0179e758d4fe599d1abb09_dburl.jpg			지갑	명함 지갑				신상품				오롬	오롬			48000	명함지갑|카드지갑|세레노|블랙	1	6	0			
4027	미니어처 노트 키링 이구아나	21000	21000		https://orom.co.kr/product/detail.html?product_no=4027&cate_no=134&display_group=1&cafe_mkt=naver_ks&mkt_in=Y&ghost_mall_id=naver&ref=naver_open	https://orom.co.kr/product/detail.html?product_no=4027&cate_no=134&display_group=1&cafe_mkt=naver_ks	http://orom.co.kr/web/product/medium/202606/25f60b3121c7c9f5d74fcee77ee057a8_dburl.jpg			노트					신상품				오롬	오롬			21000	미모|미니어쳐|미니어처	1	5	3000			
4028	미니어처 노트 키링 마이크로	21000	21000		https://orom.co.kr/product/detail.html?product_no=4028&cate_no=134&display_group=1&cafe_mkt=naver_ks&mkt_in=Y&ghost_mall_id=naver&ref=naver_open	https://orom.co.kr/product/detail.html?product_no=4028&cate_no=134&display_group=1&cafe_mkt=naver_ks	http://orom.co.kr/web/product/medium/202606/b2f8c166fb43065b44a915f75f3324c8_dburl.jpg			노트					신상품				오롬	오롬			21000	미모|미니어쳐|미니어처	1	2	3000			
4029	미니어처 노트 키링 아르보	21000	21000		https://orom.co.kr/product/detail.html?product_no=4029&cate_no=134&display_group=1&cafe_mkt=naver_ks&mkt_in=Y&ghost_mall_id=naver&ref=naver_open	https://orom.co.kr/product/detail.html?product_no=4029&cate_no=134&display_group=1&cafe_mkt=naver_ks	http://orom.co.kr/web/product/medium/202606/b80c835bf87492873320a77fb24c902f_dburl.jpg			노트					신상품				오롬	오롬			21000	미모|미니어쳐|미니어처	1	2	3000			
4030	미니어처 노트 키링 글림	21000	21000		https://orom.co.kr/product/detail.html?product_no=4030&cate_no=134&display_group=1&cafe_mkt=naver_ks&mkt_in=Y&ghost_mall_id=naver&ref=naver_open	https://orom.co.kr/product/detail.html?product_no=4030&cate_no=134&display_group=1&cafe_mkt=naver_ks	http://orom.co.kr/web/product/medium/202606/f0e67dff8eadce6c19e9b25ad05598af_dburl.jpg			노트					신상품				오롬	오롬			21000	미모|미니어쳐|미니어처	1	6	3000			
4031	미니어처 노트 키링 마일드	21000	21000		https://orom.co.kr/product/detail.html?product_no=4031&cate_no=134&display_group=1&cafe_mkt=naver_ks&mkt_in=Y&ghost_mall_id=naver&ref=naver_open	https://orom.co.kr/product/detail.html?product_no=4031&cate_no=134&display_group=1&cafe_mkt=naver_ks	http://orom.co.kr/web/product/medium/202606/8d4f8a20cd0aa03f702a59d3d8d0ba83_dburl.jpg			노트					신상품				오롬	오롬			21000		1	5	3000			
4034	쪽지 키링	20000	20000		https://orom.co.kr/product/detail.html?product_no=4034&cate_no=136&display_group=1&cafe_mkt=naver_ks&mkt_in=Y&ghost_mall_id=naver&ref=naver_open	https://orom.co.kr/product/detail.html?product_no=4034&cate_no=136&display_group=1&cafe_mkt=naver_ks	http://orom.co.kr/web/product/medium/202606/67192337923248727ba0f5e8436c76a3_dburl.jpg			가죽 케이스					신상품				오롬	오롬			20000		1		3000			
4038	펜파우치 프리즘 글레이즈	57000	57000		https://orom.co.kr/product/detail.html?product_no=4038&cate_no=191&display_group=1&cafe_mkt=naver_ks&mkt_in=Y&ghost_mall_id=naver&ref=naver_open	https://orom.co.kr/product/detail.html?product_no=4038&cate_no=191&display_group=1&cafe_mkt=naver_ks	http://orom.co.kr/web/product/medium/202607/d5a1764c98f3a7587af8a8a189065b20_dburl.jpg			가죽 케이스	펜 케이스				신상품				자체브랜드	자체제작			57000	펜파우치|펜케이스|필통|만년필파우치|만년필케이스|가죽필통|가죽케이스	1	2	0			
4039	펜파우치 라운드 페블	57000	57000		https://orom.co.kr/product/detail.html?product_no=4039&cate_no=191&display_group=1&cafe_mkt=naver_ks&mkt_in=Y&ghost_mall_id=naver&ref=naver_open	https://orom.co.kr/product/detail.html?product_no=4039&cate_no=191&display_group=1&cafe_mkt=naver_ks	http://orom.co.kr/web/product/medium/202607/0382f658e1a084f8022fa4bd91e6bd3c_dburl.jpg			가죽 케이스	펜 케이스				신상품				자체브랜드	자체제작			57000	펜파우치|펜케이스|필통|만년필파우치|만년필케이스|가죽필통|가죽케이스	1		0			
4040	펜파우치 스퀘어 페블	57000	57000		https://orom.co.kr/product/detail.html?product_no=4040&cate_no=191&display_group=1&cafe_mkt=naver_ks&mkt_in=Y&ghost_mall_id=naver&ref=naver_open	https://orom.co.kr/product/detail.html?product_no=4040&cate_no=191&display_group=1&cafe_mkt=naver_ks	http://orom.co.kr/web/product/medium/202607/8f24451ad8ad4a6da05ed86ab8990c9e_dburl.jpg			가죽 케이스	펜 케이스				신상품				자체브랜드	자체제작			57000	펜파우치|펜케이스|필통|만년필파우치|만년필케이스|가죽필통|가죽케이스	1		0			
4042	클러치백 벨라	185000	185000		https://orom.co.kr/product/detail.html?product_no=4042&cate_no=136&display_group=1&cafe_mkt=naver_ks&mkt_in=Y&ghost_mall_id=naver&ref=naver_open	https://orom.co.kr/product/detail.html?product_no=4042&cate_no=136&display_group=1&cafe_mkt=naver_ks	http://orom.co.kr/web/product/medium/202607/4006bd593cd4a646ffaa1abf01dfaadf_dburl.jpg			가죽 케이스					신상품				오롬	오롬			185000	핸드메이드|수제|가죽|고급|선물|수납|파우치|클러치백|가죽파우치|가죽클러치백	1		0			
4043	오롬한조각 북마커	4000	4000		https://orom.co.kr/product/detail.html?product_no=4043&cate_no=352&display_group=1&cafe_mkt=naver_ks&mkt_in=Y&ghost_mall_id=naver&ref=naver_open	https://orom.co.kr/product/detail.html?product_no=4043&cate_no=352&display_group=1&cafe_mkt=naver_ks	http://orom.co.kr/web/product/medium/202608/1be1a46468ad68ad8c382097cde71356_dburl.jpg			스페셜 굿즈	오롬한조각				신상품				자체브랜드	자체제작			4000		1		3000			
4044	미사 일지 노트	28000	28000		https://orom.co.kr/product/detail.html?product_no=4044&cate_no=183&display_group=1&cafe_mkt=naver_ks&mkt_in=Y&ghost_mall_id=naver&ref=naver_open	https://orom.co.kr/product/detail.html?product_no=4044&cate_no=183&display_group=1&cafe_mkt=naver_ks	http://orom.co.kr/web/product/medium/202607/9ad7dd5261c8077971a181c0b830415b_dburl.jpg			노트	컨셉노트				신상품				오롬	오롬			28000	미사일지노트|미사 노트|미사노트|미사 일지|미사일지|천주교 노트|천주교노트|천주교 미사|천주교미사|천주교 일지	1	14	3000			
4045	버티컬 토트백	340000	340000		https://orom.co.kr/product/detail.html?product_no=4045&cate_no=136&display_group=1&cafe_mkt=naver_ks&mkt_in=Y&ghost_mall_id=naver&ref=naver_open	https://orom.co.kr/product/detail.html?product_no=4045&cate_no=136&display_group=1&cafe_mkt=naver_ks	http://orom.co.kr/web/product/medium/202607/70d5b63585982014be3f06156bbd330a_dburl.jpg			가죽 케이스					신상품				오롬	오롬			340000	핸드메이드|수제|가죽|고급|선물|수납|파우치|클러치백|가죽파우치|가죽클러치백	1		0			
4047	미니지갑 포코	88000	88000		https://orom.co.kr/product/detail.html?product_no=4047&cate_no=137&display_group=1&cafe_mkt=naver_ks&mkt_in=Y&ghost_mall_id=naver&ref=naver_open	https://orom.co.kr/product/detail.html?product_no=4047&cate_no=137&display_group=1&cafe_mkt=naver_ks	http://orom.co.kr/web/product/medium/202608/36c41ad981b839337ceef44911deb485_dburl.png			지갑					신상품				오롬	오롬			88000	오롬|각인 지갑|오롬 여권지갑|가죽지갑|천연 가죽지갑|남자 지갑|여자 지갑|클래식 지갑|슬림 지갑|수제 지갑	1		0			
4048	카드지갑 포코	48000	48000		https://orom.co.kr/product/detail.html?product_no=4048&cate_no=137&display_group=1&cafe_mkt=naver_ks&mkt_in=Y&ghost_mall_id=naver&ref=naver_open	https://orom.co.kr/product/detail.html?product_no=4048&cate_no=137&display_group=1&cafe_mkt=naver_ks	http://orom.co.kr/web/product/medium/202608/afca9e01789262a3c28996c97c55f9b4_dburl.png			지갑					신상품				오롬	오롬			48000	오롬|각인 지갑|오롬 여권지갑|가죽지갑|천연 가죽지갑|남자 지갑|여자 지갑|클래식 지갑|슬림 지갑|수제 지갑	1		0			
4052	필사노트 수집 : 오디세이아	27000	27000		https://orom.co.kr/product/detail.html?product_no=4052&cate_no=134&display_group=1&cafe_mkt=naver_ks&mkt_in=Y&ghost_mall_id=naver&ref=naver_open	https://orom.co.kr/product/detail.html?product_no=4052&cate_no=134&display_group=1&cafe_mkt=naver_ks	http://orom.co.kr/web/product/medium/202609/1b426a603f021e303cde70df0eca6e47_dburl.png			노트					신상품				오롬	오롬			27000		1		3000			
4057	기업 명함지갑 주문제작 - 회사 로고 각인 단체주문 대량 소량 제작	20000	20000		https://orom.co.kr/product/detail.html?product_no=4057&cate_no=232&display_group=1&cafe_mkt=naver_ks&mkt_in=Y&ghost_mall_id=naver&ref=naver_open	https://orom.co.kr/product/detail.html?product_no=4057&cate_no=232&display_group=1&cafe_mkt=naver_ks	http://orom.co.kr/web/product/medium/202609/9b09c9d0af5b16a4f2c58b7d1a31a22b_dburl.jpg			기업/단체 다이어리					신상품	Y	도매		오롬	오롬		[무료 샘플 제공] 직접 찾아뵙고 상담해 드립니다	20000	기업|법인|기업명함지갑|기업용명함지갑|맞춤명함지갑|맞춤제작|명함지갑제작|명함케이스제작|법인명함지갑|법인제작	1		0			
4058	명함지갑 각인 제작 - 이니셜 로고 금박 은박 먹박 형압 맞춤	20000	20000		https://orom.co.kr/product/detail.html?product_no=4058&cate_no=232&display_group=1&cafe_mkt=naver_ks&mkt_in=Y&ghost_mall_id=naver&ref=naver_open	https://orom.co.kr/product/detail.html?product_no=4058&cate_no=232&display_group=1&cafe_mkt=naver_ks	http://orom.co.kr/web/product/medium/202609/46dc608a70ac90c79b4668c6934c1669_dburl.jpg			기업/단체 다이어리					신상품	Y	도매		오롬	오롬		[무료 샘플 제공] 직접 찾아뵙고 상담해 드립니다	20000	기업|법인|기업명함지갑|기업용명함지갑|맞춤명함지갑|맞춤제작|명함지갑제작|명함케이스제작|법인명함지갑|법인제작	1		0			
4059	임원 승진 홀인원 선물 명함지갑 - 장기근속 창립기념 기념품 답례품	20000	20000		https://orom.co.kr/product/detail.html?product_no=4059&cate_no=232&display_group=1&cafe_mkt=naver_ks&mkt_in=Y&ghost_mall_id=naver&ref=naver_open	https://orom.co.kr/product/detail.html?product_no=4059&cate_no=232&display_group=1&cafe_mkt=naver_ks	http://orom.co.kr/web/product/medium/202609/84f8c02b4c7faa98d5cc40b4a4ec4330_dburl.jpg			기업/단체 다이어리					신상품	Y	도매		오롬	오롬		[무료 샘플 제공] 직접 찾아뵙고 상담해 드립니다	20000	기업|법인|기업명함지갑|기업용명함지갑|맞춤명함지갑|맞춤제작|명함지갑제작|명함케이스제작|법인명함지갑|법인제작	1		0			
4060	2027 모니터 캘린더	5000	5000		https://orom.co.kr/product/detail.html?product_no=4060&cate_no=200&display_group=1&cafe_mkt=naver_ks&mkt_in=Y&ghost_mall_id=naver&ref=naver_open	https://orom.co.kr/product/detail.html?product_no=4060&cate_no=200&display_group=1&cafe_mkt=naver_ks	http://orom.co.kr/web/product/medium/202609/2e8224d941bd32e6f2952ae2fb1d88d2_dburl.jpg			스페셜 굿즈	데스크 용품				신상품				오롬	오롬			5000	달력|탁상용|켈린더	1		3000			
4062	2027 위클리 다이어리 올루데니즈 라지	39000	39000		https://orom.co.kr/product/detail.html?product_no=4062&cate_no=133&display_group=1&cafe_mkt=naver_ks&mkt_in=Y&ghost_mall_id=naver&ref=naver_open	https://orom.co.kr/product/detail.html?product_no=4062&cate_no=133&display_group=1&cafe_mkt=naver_ks	http://orom.co.kr/web/product/medium/202609/00ae8cd178fa17db5faca904a2dd9731_dburl.png			다이어리 · 속지					신상품				오롬	오롬			39000	다이어리|플래너|가죽|고급|명품|양장|연도|일체형|26년다이어리|26년 다이어리	1		3000			
4064	2027 위클리 다이어리 올루데니즈 미디엄	36000	36000		https://orom.co.kr/product/detail.html?product_no=4064&cate_no=133&display_group=1&cafe_mkt=naver_ks&mkt_in=Y&ghost_mall_id=naver&ref=naver_open	https://orom.co.kr/product/detail.html?product_no=4064&cate_no=133&display_group=1&cafe_mkt=naver_ks	http://orom.co.kr/web/product/medium/202609/3e590f0c584c458d409e8c6f0a6295eb_dburl.jpg			다이어리 · 속지					신상품				오롬	오롬			36000	다이어리|플래너|가죽|고급|명품|양장|연도|일체형|26년다이어리|26년 다이어리	1	1	3000			
4065	27년 롱포켓 프라임 네이비	33500	33500		https://orom.co.kr/product/detail.html?product_no=4065&cate_no=133&display_group=1&cafe_mkt=naver_ks&mkt_in=Y&ghost_mall_id=naver&ref=naver_open	https://orom.co.kr/product/detail.html?product_no=4065&cate_no=133&display_group=1&cafe_mkt=naver_ks	http://orom.co.kr/web/product/medium/202609/3d649eeecf60ac2142d532270ae7ddd3_dburl.jpg			다이어리 · 속지					신상품				오롬	오롬			33500	다이어리|플래너|가죽|고급|명품|양장|연도|26년다이어리|26년 다이어리|2026년다이어리	1	1	3000			
4066	27년 숏포켓 프라임 네이비	33500	33500		https://orom.co.kr/product/detail.html?product_no=4066&cate_no=140&display_group=1&cafe_mkt=naver_ks&mkt_in=Y&ghost_mall_id=naver&ref=naver_open	https://orom.co.kr/product/detail.html?product_no=4066&cate_no=140&display_group=1&cafe_mkt=naver_ks	http://orom.co.kr/web/product/medium/202609/19a0a8e29c751f7c4011946ba26403ba_dburl.jpg			다이어리 · 속지	양장 다이어리				신상품				오롬	오롬			33500	다이어리|플래너|가죽|고급|명품|양장|연도|26년다이어리|26년 다이어리|2026년다이어리	1		3000			
4067	회사 판촉물 명함지갑 - 신입사원 웰컴키트 거래처 사은품 단체 제작	20000	20000		https://orom.co.kr/product/detail.html?product_no=4067&cate_no=232&display_group=1&cafe_mkt=naver_ks&mkt_in=Y&ghost_mall_id=naver&ref=naver_open	https://orom.co.kr/product/detail.html?product_no=4067&cate_no=232&display_group=1&cafe_mkt=naver_ks	http://orom.co.kr/web/product/medium/202609/d2a2edabad0bf3836d5a454029961bc6_dburl.jpg			기업/단체 다이어리					신상품	Y	도매		오롬	오롬		[무료 샘플 제공] 직접 찾아뵙고 상담해 드립니다	20000	기업|법인|기업명함지갑|기업용명함지갑|맞춤명함지갑|맞춤제작|명함지갑제작|명함케이스제작|법인명함지갑|법인제작	1		0			
4068	천연 소가죽 명함지갑 법인 납품 - 국내 제작 명함케이스 맞춤 주문	20000	20000		https://orom.co.kr/product/detail.html?product_no=4068&cate_no=232&display_group=1&cafe_mkt=naver_ks&mkt_in=Y&ghost_mall_id=naver&ref=naver_open	https://orom.co.kr/product/detail.html?product_no=4068&cate_no=232&display_group=1&cafe_mkt=naver_ks	http://orom.co.kr/web/product/medium/202609/7d89a0f006f4f31ed2df1e2f9f58967a_dburl.jpg			기업/단체 다이어리					신상품	Y	도매		오롬	오롬		[무료 샘플 제공] 직접 찾아뵙고 상담해 드립니다	20000	기업|법인|기업명함지갑|기업용명함지갑|맞춤명함지갑|맞춤제작|명함지갑제작|명함케이스제작|법인명함지갑|법인제작	1		0			
4069	27년 북커버 속지 워크플래너 라지 슬림위클리 (세로형)	13000	13000		https://orom.co.kr/product/detail.html?product_no=4069&cate_no=133&display_group=1&cafe_mkt=naver_ks&mkt_in=Y&ghost_mall_id=naver&ref=naver_open	https://orom.co.kr/product/detail.html?product_no=4069&cate_no=133&display_group=1&cafe_mkt=naver_ks	http://orom.co.kr/web/product/medium/202609/bc1684532cc8af320789f291c109c1ff_dburl.jpg			다이어리 · 속지					신상품				오롬	오롬			13000	다이어리|플래너|가죽|고급|명품|리필|커버|26년다이어리|26년 다이어리|2026년다이어리	1		3000			
4070	2027 데일리 다이어리 프라임 미니 네이비	39500	39500		https://orom.co.kr/product/detail.html?product_no=4070&cate_no=133&display_group=1&cafe_mkt=naver_ks&mkt_in=Y&ghost_mall_id=naver&ref=naver_open	https://orom.co.kr/product/detail.html?product_no=4070&cate_no=133&display_group=1&cafe_mkt=naver_ks	http://orom.co.kr/web/product/medium/202609/e85e945ca3fb02cc5819eb80b28dccb0_dburl.png			다이어리 · 속지					신상품				오롬	오롬			39500	오롬다이어리|주간다이어리|플래너|고급|명품|양장|연도|26년다이어리|26년 다이어리|2026년다이어리	1		3000			
4072	2027 위클리 다이어리 두에토 라지	41000	41000		https://orom.co.kr/product/detail.html?product_no=4072&cate_no=133&display_group=1&cafe_mkt=naver_ks&mkt_in=Y&ghost_mall_id=naver&ref=naver_open	https://orom.co.kr/product/detail.html?product_no=4072&cate_no=133&display_group=1&cafe_mkt=naver_ks	http://orom.co.kr/web/product/medium/202609/7a5e14fc8543314f39ff64c93e925eff_dburl.jpg			다이어리 · 속지					신상품				오롬	오롬			41000	다이어리|플래너|가죽|고급|명품|양장|연도|일체형|27년다이어리|27년 다이어리	1		0			
4073	2027 위클리 다이어리 두에토 미디엄	39500	39500		https://orom.co.kr/product/detail.html?product_no=4073&cate_no=133&display_group=1&cafe_mkt=naver_ks&mkt_in=Y&ghost_mall_id=naver&ref=naver_open	https://orom.co.kr/product/detail.html?product_no=4073&cate_no=133&display_group=1&cafe_mkt=naver_ks	http://orom.co.kr/web/product/medium/202609/4102f52a39a62068b84fc9f87bd3a90c_dburl.png			다이어리 · 속지					신상품				오롬	오롬			39500	다이어리|플래너|가죽|고급|명품|양장|연도|일체형|27년다이어리|27년 다이어리	1		3000			
4074	2027 데일리 다이어리 두에토 미니	36000	36000		https://orom.co.kr/product/detail.html?product_no=4074&cate_no=133&display_group=1&cafe_mkt=naver_ks&mkt_in=Y&ghost_mall_id=naver&ref=naver_open	https://orom.co.kr/product/detail.html?product_no=4074&cate_no=133&display_group=1&cafe_mkt=naver_ks	http://orom.co.kr/web/product/medium/202609/f6d22d69b6883de9de39b5b3f76823d2_dburl.png			다이어리 · 속지					신상품				오롬	오롬			36000	오롬다이어리|주간다이어리|플래너|고급|명품|양장|연도|27년다이어리|27년 다이어리|2027년다이어리	1		3000			
4077	2027 먼슬리 다이어리 파사드 미디엄	41000	41000		https://orom.co.kr/product/detail.html?product_no=4077&cate_no=133&display_group=1&cafe_mkt=naver_ks&mkt_in=Y&ghost_mall_id=naver&ref=naver_open	https://orom.co.kr/product/detail.html?product_no=4077&cate_no=133&display_group=1&cafe_mkt=naver_ks	http://orom.co.kr/web/product/medium/202609/129640a912e08bec461ee1e51b107864_dburl.png			다이어리 · 속지					신상품				오롬	오롬			41000	다이어리|플래너|가죽|고급|명품|양장|연도|일체형|27년다이어리|27년 다이어리	1		0			
4078	2027 먼슬리 다이어리 파사드 미니	39500	39500		https://orom.co.kr/product/detail.html?product_no=4078&cate_no=133&display_group=1&cafe_mkt=naver_ks&mkt_in=Y&ghost_mall_id=naver&ref=naver_open	https://orom.co.kr/product/detail.html?product_no=4078&cate_no=133&display_group=1&cafe_mkt=naver_ks	http://orom.co.kr/web/product/medium/202609/9183ecc4c80515ec887b97d97f714197_dburl.png			다이어리 · 속지					신상품				오롬	오롬			39500	다이어리|플래너|가죽|고급|명품|양장|연도|일체형|27년다이어리|27년 다이어리	1		3000			
4079	2027 데일리 다이어리 스윗나잇 라지	42000	42000		https://orom.co.kr/product/detail.html?product_no=4079&cate_no=133&display_group=1&cafe_mkt=naver_ks&mkt_in=Y&ghost_mall_id=naver&ref=naver_open	https://orom.co.kr/product/detail.html?product_no=4079&cate_no=133&display_group=1&cafe_mkt=naver_ks	http://orom.co.kr/web/product/medium/202609/b27eb18669b7f11299fce95d8dcc513e_dburl.png			다이어리 · 속지					신상품				오롬	오롬			42000	오롬다이어리|주간다이어리|플래너|고급|명품|양장|연도|일체형|27년다이어리|27년 다이어리	1	1	0			
4080	2027 데일리 다이어리 스윗나잇 미디엄	42000	42000		https://orom.co.kr/product/detail.html?product_no=4080&cate_no=133&display_group=1&cafe_mkt=naver_ks&mkt_in=Y&ghost_mall_id=naver&ref=naver_open	https://orom.co.kr/product/detail.html?product_no=4080&cate_no=133&display_group=1&cafe_mkt=naver_ks	http://orom.co.kr/web/product/medium/202609/92e5d13495ce70a2525935f99586afbe_dburl.png			다이어리 · 속지					신상품				오롬	오롬			42000	오롬다이어리|주간다이어리|플래너|데일리|고급|명품|양장|연도|일체형|27년다이어리	1		0			
4081	2027 먼슬리 다이어리 디어블룸 미디엄	36000	36000		https://orom.co.kr/product/detail.html?product_no=4081&cate_no=133&display_group=1&cafe_mkt=naver_ks&mkt_in=Y&ghost_mall_id=naver&ref=naver_open	https://orom.co.kr/product/detail.html?product_no=4081&cate_no=133&display_group=1&cafe_mkt=naver_ks	http://orom.co.kr/web/product/medium/202609/c494cd38d61be4ed843a3c09f93e3857_dburl.png			다이어리 · 속지					신상품				오롬	오롬			36000	다이어리|플래너|가죽|고급|명품|양장|연도|일체형|27년다이어리|27년 다이어리	1		3000			
4082	2027 먼슬리 다이어리 디어블룸 라지	39000	39000		https://orom.co.kr/product/detail.html?product_no=4082&cate_no=140&display_group=1&cafe_mkt=naver_ks&mkt_in=Y&ghost_mall_id=naver&ref=naver_open	https://orom.co.kr/product/detail.html?product_no=4082&cate_no=140&display_group=1&cafe_mkt=naver_ks	http://orom.co.kr/web/product/medium/202609/05024188770dfbfba3801b3f3c1ae03b_dburl.png			다이어리 · 속지	양장 다이어리				신상품				오롬	오롬			39000	오롬다이어리|주간다이어리|플래너|고급|명품|양장|연도|일체형|27년다이어리|27년 다이어리	1		3000			
4083	2027 데일리 다이어리 모노그램 미니	33000	33000		https://orom.co.kr/product/detail.html?product_no=4083&cate_no=133&display_group=1&cafe_mkt=naver_ks&mkt_in=Y&ghost_mall_id=naver&ref=naver_open	https://orom.co.kr/product/detail.html?product_no=4083&cate_no=133&display_group=1&cafe_mkt=naver_ks	http://orom.co.kr/web/product/medium/202609/55b10b9909162a004d140bc12660f934_dburl.png			다이어리 · 속지					신상품				오롬	오롬			33000	오롬다이어리|주간다이어리|플래너|고급|명품|양장|연도|27년다이어리|27년 다이어리|2027년다이어리	1		3000			
4085	2027 먼슬리 다이어리 마이크로 미니	39500	39500		https://orom.co.kr/product/detail.html?product_no=4085&cate_no=133&display_group=1&cafe_mkt=naver_ks&mkt_in=Y&ghost_mall_id=naver&ref=naver_open	https://orom.co.kr/product/detail.html?product_no=4085&cate_no=133&display_group=1&cafe_mkt=naver_ks	http://orom.co.kr/web/product/medium/202609/6ec03707b3fef1831f197acc5473d046_dburl.png			다이어리 · 속지					신상품				오롬	오롬			39500	다이어리|플래너|가죽|고급|명품|양장|연도|일체형|27년다이어리|27년 다이어리	1		3000			
